date,atm_iv,im_correction_factor,optimal_gamma_target,price,pnl,baseline_margin,garch_volatility,margin_950,margin_990,margin_995,dynamic_margin,baseline_breach_950,baseline_breach_990,baseline_breach_995,baseline_breach,dynamic_breach,baseline_breach_magnitude,dynamic_breach_magnitude
2024-07-18,0.2506144868237547,0.95481354,1.0059459996349809,73.33,-1.7600000000000051,2.1462017205407427,0.009415462158834183,1.3338063397630213,2.1462017205407427,2.525640395916348,2.049222462343597,1,0,0,0,0,0.0,0.0
2024-07-19,0.2531321420772081,0.9547451,1.0080069186480294,71.57,0.20000000000000284,1.9439577919331477,0.008737930829283973,1.2081172064566588,1.9439577919331477,2.2876406631645416,1.8559841764549923,0,0,0,0,0,0.0,0.0
2024-07-22,0.2536934038174659,0.95312715,1.0007590107512454,71.77,-1.2000000000000028,2.635678994905811,0.011814146658504271,1.6380032311687183,2.635678994905811,3.1016550198856034,2.5121372087294405,0,0,0,0,0,0.0,0.0
2024-07-23,0.2566762191134714,0.95546466,1.0002850484694423,70.57,0.6500000000000057,2.1973074257340897,0.010016672961183505,1.3655671537315106,2.1973074257340897,2.585781356694996,2.0994495924444974,0,0,0,0,0,0.0,0.0
2024-07-24,0.2536736733107194,0.9470027,0.9948216642913796,71.22,0.29999999999999716,2.76971359936608,0.012510817319109606,1.7213021137787334,2.76971359936608,3.259386331083245,2.6229262568263962,0,0,0,0,0,0.0,0.0
2024-07-25,0.2538754405116207,0.95312715,0.9986466129403636,71.52,-0.5899999999999892,2.5041801514556887,0.011263953571823693,1.5562802554639523,2.5041801514556887,2.9469077806791093,2.386802090843529,0,0,0,0,0,0.0,0.0
2024-07-26,0.2526993389202234,0.9513936,1.0020003311497094,70.93,-0.5800000000000125,2.522406184125273,0.011440311539425718,1.5676072419679485,2.522406184125273,2.968356092795826,2.399801100177206,0,0,0,0,0,0.0,0.0
2024-07-29,0.2526429998318756,0.9550795,1.006831285156773,70.35,-0.5099999999999909,2.4485673800637486,0.011196975973410087,1.5217184217162503,2.4485673800637486,2.881462924954664,2.338576509067595,0,0,0,0,0,0.0,0.0
2024-07-30,0.2553858275417519,0.9575409,1.0085006800992955,69.84,1.789999999999992,2.5050427781659588,0.011538881265370473,1.5568163546404625,2.5050427781659588,2.9479229158573186,2.3986809163435328,1,0,0,0,0,0.0,0.0
2024-07-31,0.2579040005026849,0.9594207,1.016345316374944,71.63,-0.8199999999999932,2.5218442411212108,0.011325987989779575,1.5672580095848834,2.5218442411212108,2.9676948008316653,2.4195095671074807,0,0,0,0,0,0.0,0.0
2024-08-01,0.2591381319420459,0.9602545,1.023486717987573,70.81,-2.3599999999999994,3.0567410666475996,0.01388726893116625,1.8996819239718574,3.0567410666475996,3.5971589454492023,2.9352493645831577,1,0,0,0,0,0.0,0.0
2024-08-02,0.2680500074553063,0.9637108,1.01882250836732,68.45,0.01999999999999602,2.8158312989353864,0.013233842694488289,1.7499630171188578,2.8158312989353864,3.3136574295937926,2.71364703376206,0,0,0,0,0,0.0,0.0
2024-08-05,0.2764358109034991,0.9488837,1.0087061625480025,68.47,-0.21999999999999886,3.7087591952938372,0.01742533342228592,2.304893561491959,3.7087591952938372,4.364450905388464,3.519181147639439,0,0,0,0,0,0.0,0.0
2024-08-06,0.2738905577184255,0.9452318,0.9990577187140244,68.25,1.1299999999999955,3.0343878638967934,0.014302805261309252,1.8857900128538654,3.0343878638967934,3.570853798404907,2.8681999024893208,0,0,0,0,0,0.0,0.0
2024-08-07,0.2749974609142408,0.9477442,0.9957423493340758,69.38,0.8200000000000074,3.1770327009135677,0.01473126961232192,1.9744399221920703,3.1770327009135677,3.7387175920038134,3.0110143155011686,0,0,0,0,0,0.0,0.0
2024-08-08,0.2756407191201272,0.9479469,0.9951667260345723,70.2,0.4200000000000017,3.190975566792289,0.014623090078340627,1.983105036344909,3.190975566792289,3.7551254929765467,3.0248753965164936,0,0,0,0,0,0.0,0.0
2024-08-09,0.2703612342575606,0.9452199,0.994723164647949,70.62,1.75,3.264448672965171,0.014870820104542614,2.02876658524665,3.264448672965171,3.8415883092103007,3.0856218482152715,0,0,0,0,0,0.0,0.0
2024-08-12,0.2709869953439479,0.9539087,1.003932492865217,72.37,-1.1200000000000045,3.1233686224892714,0.013884091239422436,1.9410891484344983,3.1233686224892714,3.675565949275712,2.9794085022995316,0,0,0,0,0,0.0,0.0
2024-08-13,0.2712602743977563,0.9512991,1.0000909890836012,71.25,-0.4099999999999966,3.571620875752298,0.016126245705602064,2.2196658038779793,3.571620875752298,4.2030671564392135,3.3976797246443726,0,0,0,0,0,0.0,0.0
2024-08-14,0.2735590650864294,0.952033,1.000684497102353,70.84,0.7099999999999937,3.459012114921403,0.01570819627404549,2.14968250376616,3.459012114921403,4.070549680301448,3.2930936808049682,0,0,0,0,0,0.0,0.0
2024-08-15,0.2710395931215907,0.9476597,0.9995886787747952,71.55,-1.039999999999992,3.4199283061891648,0.015376594168645381,2.1253929733971275,3.4199283061891648,4.0245560324464185,3.240928232664732,0,0,0,0,0,0.0,0.0
2024-08-16,0.2717955177338092,0.95440376,1.0018395795367707,70.51,-1.0400000000000063,3.2721321007866404,0.014929075086453842,2.033541627891199,3.2721321007866404,3.8506301320265277,3.1229351802074685,0,0,0,0,0,0.0,0.0
2024-08-19,0.2732053288041987,0.954485,1.0047845088573657,69.47,-0.6500000000000057,3.3612000830022684,0.015565026172588139,2.0888949705952453,3.3612000830022684,3.9554449272592294,3.2082150612244202,0,0,0,0,0,0.0,0.0
2024-08-20,0.2725339889897795,0.952297,1.002670987551998,68.82,-0.769999999999996,3.363874382053666,0.015724537832562866,2.0905569751473045,3.363874382053666,3.9585920301854483,3.20340748240656,0,0,0,0,0,0.0,0.0
2024-08-21,0.2757018614506417,0.95476705,1.0004413130771972,68.05,0.6099999999999994,3.2717230880022576,0.015466825928136503,2.0332874375046983,3.2717230880022576,3.8501488076473716,3.123733401148806,0,0,0,0,0,0.0,0.0
2024-08-22,0.2753838295625272,0.94589585,0.9919095034326464,68.66,1.3100000000000023,3.3039006391378662,0.015480178616215423,2.0532849155105914,3.3039006391378662,3.8880152030620962,3.125145903372855,0,0,0,0,0,0.0,0.0
2024-08-23,0.2728650876924697,0.9456009,0.992687922044002,69.97,1.269999999999996,3.2483755744557765,0.014935066162965869,2.0187775891116244,3.2483755744557765,3.8226735601937727,3.0716668667433993,0,0,0,0,0,0.0,0.0
2024-08-26,0.2690527098080595,0.9474581,0.9986525383556264,71.24,-1.0499999999999972,3.5408492911687723,0.015989552897018266,2.2005420960693214,3.5408492911687723,4.1668552960503735,3.354806341797112,0,0,0,0,0,0.0,0.0
2024-08-27,0.2693706548627453,0.95695424,1.0060338326034337,70.19,-0.8599999999999994,3.5346499405105734,0.01620033351393642,2.196689367254885,3.5346499405105734,4.1595599284710145,3.382498247487341,0,0,0,0,0,0.0,0.0
2024-08-28,0.2717269890707456,0.9580629,1.0054237155571963,69.33,0.9099999999999966,3.5809050851887063,0.016615920216087408,2.225435689013869,3.5809050851887063,4.213992771758742,3.4307323105406393,0,0,0,0,0,0.0,0.0
2024-08-29,0.2739476028960841,0.9580658,1.0085748875554856,70.24,-1.3199999999999932,3.5807229291678384,0.016399817038102393,2.225322483972081,3.5807229291678384,4.213778411384198,3.430568177711528,0,0,0,0,0,0.0,0.0
2024-08-30,0.2737699120384947,0.95598894,1.0095779791423496,68.92,-2.210000000000008,3.5145554249289566,0.01640506352241095,2.1842011691415806,3.5145554249289566,4.1359127941855585,3.3598761152490826,1,0,0,0,0,0.0,0.0
2024-09-03,0.2787528172262595,0.9555112,1.0025559679074274,66.71,-0.4899999999999949,3.5648512254586397,0.017191083815937536,2.215458649260013,3.5648512254586397,4.195100662849979,3.4062552722594552,0,0,0,0,0,0.0,0.0
2024-09-04,0.2818696915104915,0.9546854,0.9961327252729012,66.22,0.4399999999999977,4.026030974898756,0.019558733267177858,2.5020693940405954,4.026030974898756,4.737814888552431,3.8435929916836087,0,0,0,0,0,0.0,0.0
2024-09-05,0.2757489857203767,0.94394034,0.9905930327162116,66.66,-1.2099999999999937,3.7067549054484363,0.017888805832818096,2.303647949545545,3.7067549054484363,4.362092266239952,3.498955485745665,0,0,0,0,0,0.0,0.0
2024-09-06,0.2754543042411917,0.95699775,1.0085768513439657,65.45,0.25,3.5427694936116016,0.01741349854800344,2.201735449968613,3.5427694936116016,4.169114981527061,3.3904224341549423,0,0,0,0,0,0.0,0.0
2024-09-09,0.2739564997297841,0.954365,1.0046955301875615,65.7,-2.0700000000000003,3.6529685668376013,0.0178868289627289,2.2702211943877417,3.6529685668376013,4.29879674828196,3.4862653462899673,0,0,0,0,0,0.0,0.0
2024-09-10,0.2827879782535912,0.959194,1.004931790313327,63.63,1.1399999999999935,3.2316100895534863,0.0163384111499916,2.008358293554336,3.2316100895534863,3.8029440140280553,3.0997410082391665,0,0,0,0,0,0.0,0.0
2024-09-11,0.2791930016073534,0.94438064,0.9922752176686854,64.77,1.240000000000009,3.9360006097775684,0.019549427717714202,2.4461179563818995,3.9360006097775684,4.631867565505891,3.7170827749021305,0,0,0,0,0,0.0,0.0
2024-09-12,0.2778727541550689,0.9506587,0.9999338629539354,66.01,-0.5400000000000063,3.779516790244464,0.018419563524796536,2.348867493591757,3.779516790244464,4.447718120401301,3.593030518441975,0,0,0,0,0,0.0,0.0
2024-09-13,0.27627973005891,0.9540138,1.0167336188968028,65.47,0.960000000000008,3.9890022643384357,0.019600842116658582,2.479057051619137,3.9890022643384357,4.694239670852821,3.8055632084101156,0,0,0,0,0,0.0,0.0
2024-09-16,0.2791152756672992,0.9591566,1.020629517579372,66.43,0.6799999999999926,3.7148024203535805,0.01798971387414534,2.3086492624683186,3.7148024203535805,4.371562545075649,3.5630772591781112,0,0,0,0,0,0.0,0.0
2024-09-17,0.2918626012987352,0.95708495,1.0120718860883622,67.11,-0.09999999999999432,3.867819337647724,0.018540939215868725,2.4037451392559395,3.867819337647724,4.551632155437953,3.701831677381605,0,0,0,0,0,0.0,0.0
2024-09-18,0.2936005758078097,0.95425296,0.9946391642127308,67.01,0.6999999999999886,3.6141518540902644,0.01735080251730552,2.246097656951515,3.6141518540902644,4.253117417763739,3.448815104655123,0,0,0,0,0,0.0,0.0
2024-09-19,0.2890763140941132,0.94513327,0.9918766231056334,67.71,-0.0799999999999983,3.43387989987079,0.016314924801485126,2.134063511643486,3.43387989987079,4.040974204257801,3.2454741385521526,0,0,0,0,0,0.0,0.0
2024-09-20,0.2871604040720151,0.94918394,0.995536346871786,67.63,-0.23999999999999488,3.3580462018652275,0.015973499343659932,2.086934918744022,3.3580462018652275,3.9517334543219964,3.187403524588472,0,0,0,0,0,0.0,0.0
2024-09-23,0.28649050081884,0.9520324,1.0033986037400209,67.39,1.019999999999996,3.0746808553018155,0.014677678676130767,1.910831017559842,3.0746808553018155,3.6182704069141924,2.92719579390704,0,0,0,0,0,0.0,0.0
2024-09-24,0.2852212306620619,0.95420647,1.0137855011441168,68.41,-1.0900000000000034,2.9989248924223624,0.014102586986948794,1.8637507349394324,2.9989248924223624,3.5291211353202434,2.8615935353934723,0,0,0,0,0,0.0,0.0
2024-09-25,0.2900583187014434,0.95786774,1.0102643518643684,67.32,-1.2399999999999949,3.055830113879786,0.014602858858358311,1.8991157914572359,3.055830113879786,3.5960869403868907,2.927081085005973,0,0,0,0,0,0.0,0.0
2024-09-26,0.298420073029648,0.95695883,1.0034730775587537,66.08,0.23000000000000398,3.1109000904876165,0.015144983963308425,1.9333402929228385,3.1109000904876165,3.66089303768508,2.977003310839924,0,0,0,0,0,0.0,0.0
2024-09-27,0.293945605110503,0.948507,0.9986101976980936,66.31,0.23000000000000398,3.3016117568366177,0.01601768552893732,2.0518624370477525,3.3016117568366177,3.885321656809568,3.13160186264183,0,0,0,0,0,0.0,0.0
2024-09-30,0.2929418547585681,0.9527978,1.011967084479954,66.54,1.0999999999999943,3.0104230094572513,0.01455450758554324,1.8708965037875762,3.0104230094572513,3.542652067004043,2.8683244204802483,0,0,0,0,0,0.0,0.0
2024-10-01,0.2971131120606002,0.95785683,1.0224539226423066,67.64,0.12999999999999545,2.9287686664289674,0.013929459315381577,1.8201505373865852,2.9287686664289674,3.4465616085534347,2.805341070628978,0,0,0,0,0,0.0,0.0
2024-10-02,0.3045637591250083,0.9565358,1.004672619105267,67.77,2.5400000000000063,3.0760680667810685,0.014601963017450452,1.9116931319864177,3.0760680667810685,3.619902871055912,2.942369229112883,1,0,0,0,0,0.0,0.0
2024-10-03,0.3131054830023991,0.94878674,0.9971396262583886,70.31,-0.28000000000000114,2.8757222302429364,0.013157780140591617,1.7871836115801256,2.8757222302429364,3.384136804394261,2.7284471199777247,0,0,0,0,0,0.0,0.0
2024-10-04,0.3008615833180686,0.9355816,0.9856270047391912,70.03,2.260000000000005,3.8648461341752274,0.017754190310079684,2.401897373688022,3.8648461341752274,4.548133303152286,3.615878929965474,0,0,0,0,0,0.0,0.0
2024-10-07,0.3016070655937116,0.95358527,1.0017934175278953,72.29,-2.0500000000000114,3.3569423118283424,0.014938893868780577,2.0862488809333604,3.3569423118283424,3.9504344015614277,3.201130740799254,0,0,0,0,0,0.0,0.0
2024-10-08,0.29964900275552,0.9519801,1.0056512552859729,70.24,-0.6400000000000006,4.232292482603116,0.019384024885320542,2.630255344127262,4.232292482603116,4.98054249006115,4.029058220817762,0,0,0,0,0,0.0,0.0
2024-10-09,0.3024640632642601,0.95444405,1.0080008411717862,69.6,1.6300000000000097,4.089495557097323,0.018902240722195745,2.5415109159053397,4.089495557097323,4.812499719422043,3.9031947019729754,0,0,0,0,0,0.0,0.0
2024-10-10,0.3067140880555325,0.9574328,1.013494353342236,71.23,0.0,4.220137991646929,0.019059719116236926,2.6227016566342387,4.220137991646929,4.966239140540487,4.040498533728896,0,0,0,0,0,0.0,0.0
2024-10-11,0.3068848232002863,0.95098364,0.9999969563179762,71.23,-0.9100000000000108,4.314732807350643,0.019486944628941395,2.6814897769151864,4.314732807350643,5.077557888214105,4.103240310761733,0,0,0,0,0,0.0,0.0
2024-10-14,0.314825487349757,0.95174235,0.999016828382619,70.32,-2.5999999999999943,3.8415952498493238,0.017574603358530068,2.387447577742851,3.8415952498493238,4.520771768524737,3.6562088908404324,1,0,0,0,0,0.0,0.0
2024-10-15,0.3065012329008934,0.9385291,0.9886149534939466,67.72,-0.37000000000000455,3.7802840620657907,0.01795809540163407,2.3493443322830196,3.7802840620657907,4.448621042381116,3.5479065985149507,0,0,0,0,0,0.0,0.0
2024-10-16,0.3057706182961555,0.9495506,0.996898625088978,67.35,0.30000000000001137,4.3558767119599935,0.020806104123034647,2.7070596011704438,4.3558767119599935,5.125975847501232,4.136125345367639,0,0,0,0,0,0.0,0.0
2024-10-17,0.3041406891750351,0.9481576,0.9975362429732098,67.65,-0.960000000000008,3.9215830189949066,0.01864860718212273,2.437157813536996,3.9215830189949066,4.614901010431418,3.718278743490965,0,0,0,0,0,0.0,0.0
2024-10-18,0.3036571546680652,0.9536233,1.0036658708811088,66.69,0.980000000000004,3.720871146225113,0.017948853044516735,2.3124208115097087,3.720871146225113,4.378704194001838,3.548309421337975,0,0,0,0,0,0.0,0.0
2024-10-21,0.3035141712607537,0.95448947,1.0063735969770222,67.67,1.3799999999999955,3.7509277645540093,0.017831805262602217,2.3311001871225554,3.7509277645540093,4.414074685363187,3.580221053997441,0,0,0,0,0,0.0,0.0
2024-10-22,0.3074775570733967,0.9571427,1.007086635811354,69.05,-0.789999999999992,3.820214789360182,0.01779823297133608,2.374160199639229,3.820214789360182,4.4956113401372955,3.656490698068136,0,0,0,0,0,0.0,0.0
2024-10-23,0.3094864125017276,0.953754,1.006782670367657,68.26,-0.30000000000001137,3.907639501371993,0.018416241259991865,2.428492294342764,3.907639501371993,4.5984923424890916,3.726926804991544,0,0,0,0,0,0.0,0.0
2024-10-24,0.3100027117572488,0.95009476,0.9966774239985052,67.96,1.230000000000004,3.767625240404621,0.017834753700266163,2.3414772168930718,3.767625240404621,4.433724198787077,3.579600998552171,0,0,0,0,0,0.0,0.0
2024-10-25,0.3137681366862256,0.9537267,0.99802755791676,69.19,-3.5999999999999943,3.622427686668704,0.01684260185888356,2.25124086313493,3.622427686668704,4.2628563797960135,3.4548060035951775,1,0,0,0,1,0.0,0.14519399640481678
2024-10-28,0.3063059776380668,0.937867,0.9861805855785256,65.59,-0.15000000000000568,3.5708221778653266,0.01751392078657984,2.219169434736625,3.5708221778653266,4.202127252408682,3.3489562834880204,0,0,0,0,0,0.0,0.0
2024-10-29,0.3080576334173695,0.95161694,0.9946139495827344,65.44,1.1400000000000006,4.658757575333354,0.02290232692613792,2.8952918683864546,4.658757575333354,5.482404666080804,4.433352628040546,0,0,0,0,0,0.0,0.0
2024-10-30,0.3008507818116284,0.94218504,0.9945442940666928,66.58,0.4099999999999966,3.99993395881713,0.01932688305018487,2.485850804163684,3.99993395881713,4.707104039055941,3.768677936985476,0,0,0,0,0,0.0,0.0
2024-10-31,0.3013073809141793,0.9573668,1.0128777850885078,66.99,0.3299999999999983,4.350435675061052,0.020891785701639166,2.703678143853905,4.350435675061052,5.1195728600951025,4.164962680839039,0,0,0,0,0,0.0,0.0
2024-11-01,0.3029674883196952,0.95464873,1.009750997755749,67.32,1.3200000000000074,3.8315098202516555,0.018309590204447414,2.381179755940335,3.8315098202516555,4.508903280973798,3.657745983885771,0,0,0,0,0,0.0,0.0
2024-11-04,0.312543073249874,0.9586325,1.0095224522489994,68.64,0.3100000000000023,3.8264250088215386,0.017933651256104684,2.378019683120954,3.8264250088215386,4.502919498074639,3.6681353722691137,0,0,0,0,0,0.0,0.0
2024-11-05,0.3100856504932615,0.94662195,0.9978647658073468,68.95,-0.15000000000000568,3.8879579674323423,0.018140116805672887,2.416260753153638,3.8879579674323423,4.575331203116296,3.6804263526488405,0,0,0,0,0,0.0,0.0
2024-11-06,0.3115815173132455,0.95077133,0.9980822570103344,68.8,0.6800000000000068,3.5878491141451727,0.016776390284640716,2.2297512152558756,3.5878491141451727,4.222164473363029,3.4112240740951276,0,0,0,0,0,0.0,0.0
2024-11-07,0.3105323981977002,0.9487995,0.996713068641044,69.48,-1.1600000000000108,3.4065991442287147,0.015772989411425693,2.11710925963601,3.4065991442287147,4.0088703354456054,3.2321795647446323,0,0,0,0,0,0.0,0.0
2024-11-08,0.3082933989081918,0.94457203,0.995106010175312,68.32,-1.6199999999999903,3.286142046143616,0.015473596336306756,2.042248430126061,3.286142046143616,3.8671169718233216,3.103997863394229,0,0,0,0,0,0.0,0.0
2024-11-11,0.3085142846193383,0.9497391,0.9974529316711293,66.7,-0.09000000000000341,3.357019555158707,0.016191266672449457,2.086296885574657,3.357019555158707,3.9505253011602943,3.188292730998831,0,0,0,0,0,0.0,0.0
2024-11-12,0.3059880916352855,0.9443137,0.9922208576633894,66.61,0.04999999999999716,3.6243447188696756,0.017504223604992267,2.252432246814625,3.6243447188696756,4.265112334546542,3.4225183715512832,0,0,0,0,0,0.0,0.0
2024-11-13,0.3059362477735181,0.9507835,0.9965445980475912,66.66,0.13000000000000966,3.2546020714022386,0.01570671544342605,2.022647188610228,3.2546020714022386,3.8300008734013455,3.09442194855507,0,0,0,0,0,0.0,0.0
2024-11-14,0.3013534013656406,0.9439038,0.9952283698813272,66.79,-1.25,3.0544818559623965,0.014712243180823766,1.8982778856161222,3.0544818559623965,3.594500316619105,2.8831370308739586,0,0,0,0,0,0.0,0.0
2024-11-15,0.3027947651188211,0.9549716,1.0016903359204503,65.54,2.029999999999987,2.748158078012144,0.013489258020470995,1.7079059400809817,2.748158078012144,3.234019891868565,2.624412916812182,1,0,0,0,0,0.0,0.0
2024-11-18,0.3015478213101501,0.95274645,1.0002517484874451,67.57,0.14000000000000057,3.170631627860386,0.015095401099746783,1.9704618283633744,3.170631627860386,3.7311848384300936,3.020808027701704,0,0,0,0,0,0.0,0.0
2024-11-19,0.3028764877449015,0.95454,1.0023078671598993,67.71,-0.4199999999999875,3.5678570337933055,0.016951472068367286,2.21732667786819,3.5678570337933055,4.198637884388736,3.405662253037062,0,0,0,0,0,0.0,0.0
2024-11-20,0.3030179934448208,0.95249796,1.001739422668399,67.29,0.7399999999999949,3.1665680600900785,0.01513878729912047,1.9679364308659166,3.1665680600900785,3.7264028504119087,3.016149617436957,0,0,0,0,0,0.0,0.0
2024-11-21,0.3036392532193598,0.9526202,1.0070119657063046,68.03,0.769999999999996,3.1911562415321244,0.01509038728200112,1.9832173208105868,3.1911562415321244,3.7553381101863286,3.039959897039581,0,0,0,0,0,0.0,0.0
2024-11-22,0.3044593286445475,0.95196766,1.0074328068006786,68.8,-1.7800000000000011,3.136384478970355,0.01466539099831476,1.949178151311423,3.136384478970355,3.690882949817391,2.985736593305728,0,0,0,0,0,0.0,0.0
2024-11-25,0.3094173985978777,0.9541181,1.005645987676271,67.02,-0.030000000000001137,3.0738149198549083,0.014754553766681564,1.910292862092974,3.0738149198549083,3.6172513780297995,2.932782451083617,0,0,0,0,0,0.0,0.0
2024-11-26,0.3104424253622269,0.950154,0.9993002085785184,66.99,-0.22999999999998977,3.4841989416277266,0.016731919069081037,2.1653354355562544,3.4841989416277266,4.10018942309245,3.310525561183351,0,0,0,0,0,0.0,0.0
2024-11-27,0.3096167615530534,0.9467027,0.9952194114232878,66.76,-0.46000000000000796,3.0507989782946194,0.014701107483348104,1.8959890767241903,3.0507989782946194,3.590166322977253,2.888199629908758,0,0,0,0,0,0.0,0.0
2024-11-29,0.3087645407293657,0.946613,0.9909089800419348,66.3,0.09000000000000341,2.9881985367011126,0.01449935585843965,1.8570845948806354,2.9881985367011126,3.5164984088303353,2.8286675814222506,0,0,0,0,0,0.0,0.0
2024-12-02,0.3060073883514531,0.9419807,0.9911556382673729,66.39,1.3700000000000045,2.852493706414152,0.0138221249562056,1.7727477120793258,2.852493706414152,3.356801583497735,2.6869940183135976,0,0,0,0,0,0.0,0.0
2024-12-03,0.3012364485767577,0.9420687,0.9892835891881512,67.76,-1.1800000000000068,2.704576595730054,0.012840403660536634,1.6808212272099683,2.704576595730054,3.1827334022939384,2.5478969575898374,0,0,0,0,0,0.0,0.0
2024-12-04,0.3006302019266755,0.9495401,0.9927911034577632,66.58,-0.1700000000000017,2.9886506698577753,0.014440563911529982,1.857365583412609,2.9886506698577753,3.5170304770669185,2.837843655921819,0,0,0,0,0,0.0,0.0
2024-12-05,0.2962573026872794,0.94446427,0.9882411014981344,66.41,-0.5099999999999909,3.052854781126781,0.014788545249064103,1.8972667025990544,3.052854781126781,3.5925855823736335,2.883312262272915,0,0,0,0,0,0.0,0.0
2024-12-06,0.2947557559657345,0.94827837,0.993670562365895,65.9,0.9499999999999886,2.842282019619148,0.013875049516420246,1.76640142484244,2.842282019619148,3.34478451705283,2.6952745606447537,0,0,0,0,0,0.0,0.0
2024-12-09,0.2901391340862695,0.9443996,0.9946927973338272,66.85,0.10000000000000853,2.868394286726939,0.013803531980223459,1.7826294928197508,2.868394286726939,3.3755133138873505,2.7089104170272065,0,0,0,0,0,0.0,0.0
2024-12-10,0.2906447327821144,0.95161074,1.0083214594709602,66.95,0.9500000000000028,2.944769075023918,0.01414990261409986,1.830094358705192,2.944769075023918,3.4653908164101836,2.8022738786126262,0,0,0,0,0,0.0,0.0
2024-12-11,0.2900629543653346,0.9504184,1.005899042879027,67.9,0.03999999999999204,2.706099027850104,0.012821141684820623,1.6817673776086686,2.706099027850104,3.184524993469007,2.5719263082908514,0,0,0,0,0,0.0,0.0
2024-12-12,0.2973793436584153,0.95764357,1.0066829044657526,67.94,0.7000000000000028,2.9030335240700356,0.013746093609963213,1.8041568422438943,2.9030335240700356,3.4162766104033073,2.7800713878201098,0,0,0,0,0,0.0,0.0
2024-12-13,0.2957364292308487,0.9504265,1.0010694872277457,68.64,-0.4899999999999949,2.577776123076097,0.01208149588741003,1.6020181619192633,2.577776123076097,3.0335151844111237,2.449986738438784,0,0,0,0,0,0.0,0.0
2024-12-16,0.2958399081354261,0.9524726,1.004977143324855,68.15,-0.5600000000000023,2.7105845726765825,0.012795282845346891,1.684555022437013,2.7105845726765825,3.1898035621622585,2.5817575354571534,0,0,0,0,0,0.0,0.0
2024-12-17,0.2983199936302887,0.95291317,1.005659455630407,67.59,0.009999999999990905,2.5516513000344228,0.012144836347181267,1.5857822907685344,2.5516513000344228,3.002771611810877,2.431502129050423,0,0,0,0,0,0.0,0.0
2024-12-18,0.3001690782743282,0.95312476,1.0067075923495772,67.6,-0.6899999999999977,2.6306948938641903,0.012519199911203269,1.6349057471327544,2.6306948938641903,3.095789752512286,2.507380439347532,0,0,0,0,0,0.0,0.0
2024-12-19,0.3008885353412755,0.95137006,1.0062108224727526,66.91,0.07000000000000739,2.3341529608045195,0.011222537657023492,1.4506129537130772,2.3341529608045195,2.7468205582140337,2.2206432423697735,0,0,0,0,0,0.0,0.0
2024-12-20,0.3043570614609691,0.9520441,1.0064105622946795,66.98,-0.0799999999999983,2.5164390217661277,0.012086319106061984,1.5638988119034076,2.5164390217661277,2.961333963347783,2.3957609236822135,0,0,0,0,0,0.0,0.0
2024-12-23,0.3057899795611503,0.9501056,1.0015332982777725,66.9,0.6499999999999915,2.2108839215190725,0.010631452719571272,1.3740045787770996,2.2108839215190725,2.601758115012431,2.1005731947852313,0,0,0,0,0,0.0,0.0
2024-12-24,0.3067061443338368,0.9484897,0.9954773378665333,67.55,-0.3199999999999932,2.199174910121189,0.01047338834919274,1.3667277447845705,2.199174910121189,2.5879790038041475,2.0858947507483734,0,0,0,0,0,0.0,0.0
2024-12-26,0.3057540730648875,0.94630456,0.991626339676535,67.23,0.6400000000000006,2.200466214358622,0.010529418372954083,1.3675302554535198,2.200466214358622,2.589498604741126,2.0823112127735013,0,0,0,0,0,0.0,0.0
2024-12-27,0.3016386646327334,0.94170636,0.988043915775642,67.87,0.3199999999999932,2.1831752454555526,0.010348169594657522,1.356784385797918,2.1831752454555526,2.569150671400022,2.0559100136400548,0,0,0,0,0,0.0,0.0
2024-12-30,0.2990575619670119,0.9444104,0.9902133039581824,68.19,0.6200000000000045,2.2457222903030027,0.010594687414014313,1.3956556830075537,2.2457222903030027,2.642755748499723,2.120883486473975,0,0,0,0,0,0.0,0.0
2024-12-31,0.2949151804060078,0.94385546,0.9895203776393408,68.81,0.8299999999999983,2.1560494035809077,0.010079986227931105,1.339926408508302,2.1560494035809077,2.5372291044027775,2.034999001599583,0,0,0,0,0,0.0,0.0
2025-01-02,0.2928650185234063,0.9455183,0.9925662084321476,69.64,0.5,2.262309591576916,0.01045071641023998,1.4059642422575813,2.262309591576916,2.6622756089842605,2.1390551191015,0,0,0,0,0,0.0,0.0
2025-01-03,0.2897501897459158,0.94408196,0.9899767588395264,70.14,-0.030000000000001137,2.355718552662259,0.010804643186922157,1.464015385956654,2.355718552662259,2.7721988483516578,2.2239913884057487,0,0,0,0,0,0.0,0.0
2025-01-06,0.2883843189579209,0.94848377,1.0004898989858482,70.11,0.39000000000000057,2.315850828772042,0.010626332553621089,1.4392386735126366,2.315850828772042,2.7252826927141522,2.1965469248313307,0,0,0,0,0,0.0,0.0
2025-01-07,0.2841392876936252,0.9442849,0.99747568131418,70.5,-0.6500000000000057,2.172097879578036,0.009911583937734898,1.3499001024177038,2.172097879578036,2.5561148777591747,2.051079229007558,0,0,0,0,0,0.0,0.0
2025-01-08,0.2900788517574336,0.95870376,1.0135349361871746,69.85,0.3400000000000034,2.1361630795228703,0.009838316341372574,1.3275675957977666,2.1361630795228703,2.5138269689527104,2.047947576311755,0,0,0,0,0,0.0,0.0
2025-01-09,0.2860883492664479,0.9461611,1.0100512020527976,70.19,1.2000000000000028,2.2327339898910346,0.010233272288036497,1.3875838054825163,2.2327339898910346,2.6274711758144957,2.11252604788269,0,0,0,0,0,0.0,0.0
2025-01-10,0.2956602119393748,0.95607096,1.00559898820112,71.39,-0.4200000000000017,2.1679220372896966,0.009769201482029729,1.3473049293429962,2.1679220372896966,2.5512007656002536,2.072687303396716,0,0,0,0,0,0.0,0.0
2025-01-13,0.2987506012961281,0.9506026,0.9892710561060256,70.97,0.10999999999999943,2.4950141007009594,0.01130969746651751,1.5505838027539212,2.4950141007009594,2.936121213957258,2.3717668911629937,0,0,0,0,0,0.0,0.0
2025-01-14,0.2906505002072053,0.9388264,0.9877783092629489,71.08,0.9300000000000068,2.3423441289535867,0.010601225434829397,1.4557035432428154,2.3423441289535867,2.7564598875319763,2.1990545061466316,0,0,0,0,0,0.0,0.0
2025-01-15,0.2861378371372114,0.9438617,0.9967962696066662,72.01,-0.710000000000008,2.2733540433737716,0.010156102000921225,1.412828070426604,2.2733540433737716,2.675272669485107,2.145731812080642,0,0,0,0,0,0.0,0.0
2025-01-16,0.2878472997801991,0.9500879,0.9976012106407032,71.3,-0.1799999999999926,2.4049136521221803,0.010850824678605637,1.4945888101212672,2.4049136521221803,2.830091417017475,2.2848793614260927,0,0,0,0,0,0.0,0.0
2025-01-17,0.2878302092837042,0.94960093,0.9946571070071922,71.12,-0.3100000000000023,2.442755616535194,0.011049460179480289,1.5181065678232077,2.442755616535194,2.874623668141687,2.3196430052245436,0,0,0,0,0,0.0,0.0
2025-01-21,0.2840563933165477,0.9434817,0.9909956185759484,70.81,0.10999999999999943,2.311337901628627,0.010500781823145084,1.436434011314687,2.311337901628627,2.719971900635221,2.1807050127030094,0,0,0,0,0,0.0,0.0
2025-01-22,0.2832445464880415,0.9486708,0.9942664751227293,70.92,-0.23000000000000398,2.2862014252764036,0.01037047270566691,1.42081237090828,2.2862014252764036,2.690391409911276,2.168852535078106,0,0,0,0,0,0.0,0.0
2025-01-23,0.2801164393825,0.94537216,1.0011658476119365,70.69,-0.25,2.100602330340457,0.009559576431233492,1.3054675516815617,2.100602330340457,2.471979241507257,1.9858509623349914,0,0,0,0,0,0.0,0.0
2025-01-24,0.279192422707042,0.9492742,1.004784509076612,70.44,-1.2199999999999989,2.076507576315939,0.00948346315614509,1.290493313535468,2.076507576315939,2.443624644867264,1.9711750683012517,0,0,0,0,0,0.0,0.0
2025-01-27,0.2841732349016399,0.956596,1.0072264924122722,69.22,-0.0799999999999983,1.9712678991896022,0.009161505430604783,1.2250896996988547,1.9712678991896022,2.3197790728226657,1.8857069872931767,0,0,0,0,0,0.0,0.0
2025-01-28,0.2841198517142781,0.9503246,0.9960220683880646,69.14,-0.5600000000000023,2.3660057644633636,0.011008780479204974,1.4704086099427673,2.3660057644633636,2.7843047922792734,2.2484734817113403,0,0,0,0,0,0.0,0.0
2025-01-29,0.2852640768611344,0.9514521,0.9958143789761056,68.58,0.29000000000000625,2.068175467295907,0.009701584931234608,1.2853151330652206,2.068175467295907,2.433819456975201,1.967769891527172,0,0,0,0,0,0.0,0.0
2025-01-30,0.2807645487590818,0.9439416,0.9924339746795212,68.87,-0.2400000000000091,2.2735152839496453,0.010619903824392974,1.4129282770848455,2.2735152839496453,2.6754624166593777,2.1460656547558825,0,0,0,0,0,0.0,0.0
2025-01-31,0.2805368704362557,0.95069253,0.9937057469744291,68.63,0.010000000000005116,2.0561850889663726,0.009638312320133012,1.2778634371323423,2.0561850889663726,2.419709234445065,1.954799804377716,0,0,0,0,0,0.0,0.0
2025-02-03,0.2788216818514305,0.9470692,0.9950880705449616,68.64,0.5499999999999972,2.092766128580753,0.00980835579529999,1.3005975641651402,2.092766128580753,2.462757635017317,1.9819943431820708,0,0,0,0,0,0.0,0.0
2025-02-04,0.2754875640222145,0.9439745,0.9909483283393016,69.19,-1.1899999999999977,1.903778911105802,0.00885168538908267,1.1831471183893574,1.903778911105802,2.2403583394626088,1.797118745721644,1,0,0,0,0,0.0,0.0
2025-02-05,0.276406603785074,0.95141757,0.9938131078845666,68.0,0.09000000000000341,1.9882840099526837,0.00940637515463787,1.2356647524521391,1.9882840099526837,2.3398035543582583,1.8916883412190382,0,0,0,0,0,0.0,0.0
2025-02-06,0.2712839111959399,0.94500625,0.9941540588509546,68.09,0.3499999999999943,2.265351307975833,0.010702987441141008,1.4078545867567993,2.265351307975833,2.6658550869692514,2.1407711444828372,0,0,0,0,0,0.0,0.0
2025-02-07,0.2703714349666448,0.94921863,0.9995624785841156,68.44,0.9900000000000091,2.043777550919267,0.009606748300151714,1.270152487714265,2.043777550919267,2.405108100261953,1.9399917269083418,0,0,0,0,0,0.0,0.0
2025-02-10,0.2715499572830267,0.9522803,1.0024393630516473,69.43,1.0999999999999943,2.100047402235968,0.009730490232500505,1.30512267886891,2.100047402235968,2.4713262046449187,1.9998337702154882,0,0,0,0,0,0.0,0.0
2025-02-11,0.2709232422270239,0.9487485,0.9965296734575592,70.53,-1.4399999999999977,2.3012268794675186,0.010496350944676845,1.4301502844259706,2.3012268794675186,2.708073295872354,2.183285550054489,1,0,0,0,0,0.0,0.0
2025-02-12,0.2723502237271839,0.9511458,0.9939650637446668,69.09,-0.15000000000000568,2.4477767840450153,0.01139749491935743,1.5212270876669456,2.4477767840450153,2.8805325551657233,2.3281926074819235,0,0,0,0,0,0.0,0.0
2025-02-13,0.2687088555385351,0.943816,0.9872434611123864,68.94,-0.09000000000000341,2.7827449390746466,0.012985387411200113,1.7294007390628994,2.7827449390746466,3.274721552216407,2.6263991974176766,0,0,0,0,0,0.0,0.0
2025-02-14,0.2660212974900521,0.94377846,0.9916057309592708,68.85,0.6500000000000057,2.5198732097963976,0.011774094936939494,1.5660330669097628,2.5198732097963976,2.9653753001584895,2.378202057336901,0,0,0,0,0,0.0,0.0
2025-02-18,0.2620581915661361,0.9456057,0.9934627830621972,69.5,0.25,2.46670041594082,0.01141785151909167,1.5329876132281712,2.46670041594082,2.9028017988701103,2.33252597350601,0,0,0,0,0,0.0,0.0
2025-02-19,0.2619839352159659,0.95384127,1.0126187658610506,69.75,0.4300000000000068,2.473176275563364,0.011406795310465205,1.5370121848876275,2.473176275563364,2.910422560937554,2.3590175996172293,0,0,0,0,0,0.0,0.0
2025-02-20,0.2608231915740915,0.95248973,1.0094378930189332,70.18,-1.8200000000000074,2.3494236499451446,0.01076962945099316,1.4601032741211628,2.3494236499451446,2.7647910355451795,2.2378018979918655,1,0,0,0,0,0.0,0.0
2025-02-21,0.2719264991952891,0.9674683,1.0200056404178963,68.36,0.10999999999999943,2.2650122307229794,0.01065911839205841,1.4076438594122085,2.2650122307229794,2.665456062404623,2.1913275323367687,0,0,0,0,0,0.0,0.0
2025-02-24,0.2692545557297264,0.9478252,1.00747681313226,68.47,-1.6500000000000057,2.859932187579515,0.013437181900873525,1.7773705270000362,2.859932187579515,3.365555154206257,2.7107157976789917,0,0,0,0,0,0.0,0.0
2025-02-25,0.2765978413356109,0.9627521,1.008731734569175,66.82,-0.539999999999992,2.389381445950213,0.011503547874613343,1.4849359639491673,2.389381445950213,2.8118131876366235,2.300382004789604,0,0,0,0,0,0.0,0.0
2025-02-26,0.2779763399443949,0.9544118,1.002541449972698,66.28,1.2199999999999989,3.066953946553643,0.014885983849602082,1.9060289526949947,3.066953946553643,3.609177415941737,2.927137036647366,0,0,0,0,0,0.0,0.0
2025-02-27,0.276291466287994,0.95243204,1.0032376563383154,67.5,-0.6500000000000057,2.753678889824646,0.013123881820548588,1.7113369753493248,2.753678889824646,3.2405167580291208,2.6226920025406226,0,0,0,0,0,0.0,0.0
2025-02-28,0.278695698677971,0.95524085,1.0070219978986434,66.85,-0.8499999999999943,3.177788410812592,0.015292424809940666,1.974909575461236,3.177788410812592,3.739606907966196,3.03555330266477,0,0,0,0,0,0.0,0.0
2025-03-03,0.2806667416729799,0.95464325,1.0123155707543676,66.0,-0.4399999999999977,2.8732636385993504,0.014005039236467629,1.785655663349669,2.8732636385993504,3.381243544961713,2.7429417380593093,0,0,0,0,0,0.0,0.0
2025-03-04,0.2821519773654328,0.95430815,1.012198346900728,65.56,-1.4500000000000028,3.090285333380739,0.015163952815014169,1.920528778768009,3.090285333380739,3.6366336855455184,2.9490844794707067,0,0,0,0,0,0.0,0.0
2025-03-05,0.2890879828817504,0.9553696,1.004282236793159,64.11,-0.04999999999999716,2.782353349719137,0.013961731919066142,1.7291573768663437,2.782353349719137,3.27426073164888,2.658175806779832,0,0,0,0,0,0.0,0.0
2025-03-06,0.291030860078909,0.9545218,1.0035999894074903,64.06,0.730000000000004,3.2436758403881574,0.01628933295283589,2.0158568314612157,3.2436758403881574,3.8171429345784635,3.0961593017838167,0,0,0,0,0,0.0,0.0
2025-03-07,0.285659443740504,0.9475366,0.9995660016965258,64.79,-1.1200000000000045,2.8163425893543415,0.013983963809535838,1.7502807702898369,2.8163425893543415,3.3142591138268256,2.6685876815520087,0,0,0,0,0,0.0,0.0
2025-03-10,0.2920970003792832,0.95633024,0.9991050738659883,63.67,0.21000000000000085,2.958098218245064,0.014946191023185916,1.8383780608203384,2.958098218245064,3.4810764913586687,2.8289187789978745,0,0,0,0,0,0.0,0.0
2025-03-11,0.290525153187892,0.9487982,0.9956806404374322,63.88,1.3099999999999952,2.996064333588146,0.015088255014705527,1.8619729749684912,2.996064333588146,3.5257548427311334,2.8426604467926326,0,0,0,0,0,0.0,0.0
2025-03-12,0.2847613370521511,0.94459313,0.994040775747389,65.19,-0.9399999999999977,2.8645281059787493,0.014135946580510612,1.7802267660195383,2.8645281059787493,3.3709636100165126,2.7058135695994383,0,0,0,0,0,0.0,0.0
2025-03-13,0.2882532154363711,0.954955,1.0010849973046236,64.25,0.5300000000000011,3.101671033985061,0.01553014071607207,1.9276046838440992,3.101671033985061,3.6500323260865564,2.961956262259204,0,0,0,0,0,0.0,0.0
2025-03-14,0.2852839638060859,0.9451387,1.0004480876744504,64.78,0.539999999999992,3.1017808580478254,0.015403625679981006,1.9276729365296563,3.1017808580478254,3.650161566542711,2.9316131278602064,0,0,0,0,0,0.0,0.0
2025-03-17,0.2856529395505484,0.95133245,1.0051575953211551,65.32,-0.3999999999999915,3.050806778572926,0.015025236450517962,1.895993924386252,3.050806778572926,3.590175502309187,2.902331487136389,0,0,0,0,0,0.0,0.0
2025-03-18,0.2886099458626254,0.9539358,1.0002161313249818,64.92,0.09000000000000341,2.927025618091469,0.014504434491860198,1.8190672799738181,2.927025618091469,3.444510397219901,2.79219452461458,0,0,0,0,0,0.0,0.0
2025-03-19,0.2897146518484553,0.94753414,0.9907274402789036,65.01,0.9399999999999977,2.8461382557027837,0.01408408428265239,1.7687979713025184,2.8461382557027837,3.349322518087778,2.696813164438437,0,0,0,0,0,0.0,0.0
2025-03-20,0.2857945145174062,0.9428568,0.988191953816582,65.95,0.09000000000000341,2.640499565759136,0.012880243965026673,1.6409990856142278,2.640499565759136,3.107327845679196,2.489612970973049,0,0,0,0,0,0.0,0.0
2025-03-21,0.2806175388246418,0.9428879,0.990003833815384,66.04,0.6599999999999966,2.82164282760537,0.013745095527682948,1.7535747250536489,2.82164282760537,3.320496410026275,2.6604928802708896,0,0,0,0,0,0.0,0.0
2025-03-24,0.2795571465362865,0.9484424,0.9975073708389276,66.7,-0.01999999999999602,2.524353213138478,0.01217522727461367,1.568817267855386,2.524353213138478,2.970647347658176,2.3942036199167696,0,0,0,0,0,0.0,0.0
2025-03-25,0.277294022710307,0.94508654,0.996773471623856,66.68,0.4899999999999949,2.651069951681769,0.012790230896405358,1.6475682946603358,2.651069951681769,3.119767027621469,2.5054905279328903,0,0,0,0,0,0.0,0.0
2025-03-26,0.2785130856151961,0.952618,1.000046273821647,67.17,0.28000000000000114,2.3741197210731215,0.011370512915847193,1.4754512145884897,2.3741197210731215,2.793853259409918,2.2616291804492348,0,0,0,0,0,0.0,0.0
2025-03-27,0.2768474439903665,0.9505216,1.00064996052824,67.45,-0.730000000000004,2.4539963782461722,0.01170428132531453,1.5250923972959798,2.4539963782461722,2.8878517452541046,2.3325765638447566,0,0,0,0,0,0.0,0.0
2025-03-28,0.2773244570297812,0.95670795,0.9995839700279318,66.72,1.6700000000000017,2.2357477310036975,0.01078001957838836,1.3894567640977304,2.2357477310036975,2.6310177326102187,2.138957628445699,1,0,0,0,0,0.0,0.0
2025-03-31,0.2790459049969075,0.9572707,0.9992070731859364,68.39,0.010000000000005116,2.489642255231901,0.011711084948628644,1.5472453460402382,2.489642255231901,2.9297996507102324,2.3832615844154206,0,0,0,0,0,0.0,0.0
2025-04-01,0.2764846960053917,0.96678066,1.0233190809755044,68.4,0.3199999999999932,2.858685678323282,0.01344507077675227,1.7765958552007244,2.858685678323282,3.3640882677988446,2.76372202682193,0,0,0,0,0,0.0,0.0
2025-04-02,0.276648465397263,0.9829561,1.0684211501770555,68.72,-4.319999999999993,2.554363750191077,0.01195783014250066,1.5874680052009713,2.554363750191077,3.005963610783755,2.5108274298691957,1,1,1,1,1,1.765636249808916,1.8091725701307975
2025-04-03,0.2983773671104999,1.0243745,1.0796009949201877,64.4,-4.200000000000003,2.3740885297782177,0.011859430408042984,1.4754318300420655,2.3740885297782177,2.793816553636338,2.4319557506472966,1,1,1,1,1,1.8259114702217851,1.7680442493527062
2025-04-04,0.3360110352320706,1.015957,1.0761318265784832,60.2,-0.7100000000000009,3.9929374491321314,0.021337758926276346,2.481502662567882,3.9929374491321314,4.698870578369682,4.056652752007933,0,0,0,0,0,0.0,0.0
2025-04-07,0.3474797173083984,0.95414484,0.9994970427747256,59.49,-1.6400000000000006,4.468212286159733,0.024162541782960057,2.77687312317749,4.468212286159733,5.258171838857458,4.263321696863913,0,0,0,0,0,0.0,0.0
2025-04-08,0.3711555470715227,0.9646914,1.0164431001713703,57.85,2.240000000000002,4.248780996992317,0.023627282353070985,2.6405025099994663,4.248780996992317,4.999946098590326,4.098762488281914,0,0,0,0,0,0.0,0.0
2025-04-09,0.3326382884846184,0.93419397,1.000750814743623,60.09,-1.8000000000000043,4.564997629839474,0.024439433842427315,2.8370225973674823,4.564997629839474,5.372068389862278,4.264593258860328,0,0,0,0,0,0.0,0.0
2025-04-10,0.360902575023442,0.96891475,1.018385647460233,58.29,0.8200000000000003,4.773725408740068,0.026346089778416584,2.966741268318935,4.773725408740068,5.617698288066076,4.625332960978032,0,0,0,0,0,0.0,0.0
2025-04-11,0.3685028240991413,0.94878465,0.9836360830258802,59.11,0.4200000000000017,4.898811124952492,0.026661373848220836,3.044478658845252,4.898811124952492,5.76489858838949,4.6479167986041565,0,0,0,0,0,0.0,0.0
2025-04-14,0.3497563130433797,0.9283265,0.9762224474189308,59.53,-0.46999999999999886,4.679943151205484,0.02529050396299087,2.9084581309699447,4.679943151205484,5.507335755139814,4.344515245757559,0,0,0,0,0,0.0,0.0
2025-04-15,0.343013480094326,0.94074553,0.9930076473633318,59.06,0.7999999999999972,4.314643575036231,0.02350197019589831,2.6814343214444665,4.314643575036231,5.077452880033493,4.058981656758554,0,0,0,0,0,0.0,0.0
2025-04-16,0.342608071784182,0.9527996,1.0060757479374558,59.86,1.9600000000000009,4.145416531787779,0.022278413020177266,2.576264289669789,4.145416531787779,4.878307267382467,3.9497512133207833,0,0,0,0,0,0.0,0.0
2025-04-17,0.3424311160173103,0.9585961,1.0029980722566982,61.82,-1.6799999999999997,4.147823405574846,0.021584602034379105,2.5777600966507803,4.147823405574846,4.881139665477348,3.9760873400727657,0,0,0,0,0,0.0,0.0
2025-04-21,0.3492542758406793,0.9651282,1.0113533663036334,60.14,1.2000000000000028,4.386277954922938,0.023463106608807155,2.7259531516753026,4.386277954922938,5.1617518915600975,4.233320547334456,0,0,0,0,0,0.0,0.0
2025-04-22,0.3456168173482404,0.9563243,1.0010538111515348,61.34,-1.1100000000000065,4.525079115118318,0.02373204666318551,2.8122143197953324,4.525079115118318,5.325092463806581,4.327443117210145,0,0,0,0,0,0.0,0.0
2025-04-23,0.3541014979852519,0.960908,0.9993458593390536,60.23,0.5700000000000003,4.418530801093917,0.0236003156789401,2.745997423509832,4.418530801093917,5.199706893829027,4.245801595017554,0,0,0,0,0,0.0,0.0
2025-04-24,0.35021593393776,0.95197695,0.9976227484769882,60.8,0.1700000000000017,4.39572368371113,0.023258387080477453,2.731823416721124,4.39572368371113,5.172867582116118,4.184627625462086,0,0,0,0,0,0.0,0.0
2025-04-25,0.3447740040271133,0.9555342,1.0119447581739769,60.97,-0.8100000000000023,4.136552610609196,0.02182605000165698,2.570755602322276,4.136552610609196,4.867876245367813,3.9526174895363697,0,0,0,0,0,0.0,0.0
2025-04-28,0.3514557426207368,0.97098047,1.049737713171465,60.16,-1.269999999999996,3.7451196226205528,0.02002675823516138,2.3274905839529443,3.7451196226205528,4.4072396904268025,3.636438011378327,0,0,0,0,0,0.0,0.0
2025-04-29,0.3626998681705804,0.9727797,1.0393097424475504,58.89,-2.210000000000001,3.6576750017157798,0.01998095990787359,2.2731461164107354,3.6576750017157798,4.304335259380573,3.5581119908665757,0,0,0,0,0,0.0,0.0
2025-04-30,0.398186452482819,0.9742174,1.0256346204443545,56.68,0.990000000000002,3.6059576746123803,0.02046649962350171,2.2410051959623383,3.6059576746123803,4.243474544727778,3.512986710270919,0,0,0,0,0,0.0,0.0
2025-05-01,0.3934464971699097,0.9335225,0.9842473962332162,57.67,-0.6200000000000045,4.16163263393881,0.023214887189221652,2.5863421587015223,4.16163263393881,4.897390302432234,3.884977700516143,0,0,0,0,0,0.0,0.0
2025-05-02,0.3898927466145664,0.9265539,0.9717264385685508,57.05,-0.8999999999999986,3.8855629658192923,0.021910439591011667,2.4147723244077963,3.8855629658192923,4.57251277614165,3.600183519675432,0,0,0,0,0,0.0,0.0
2025-05-05,0.3796301487764717,0.9218254,0.9799672485400572,56.15,1.730000000000004,3.7623796020512055,0.02155587413888994,2.338217194489341,3.7623796020512055,4.42755115549811,3.4682570816126934,0,0,0,0,0,0.0,0.0
2025-05-06,0.3608510860198521,0.92053634,0.974575689226622,57.88,-0.980000000000004,3.795283534426189,0.021094463891717825,2.358666098795423,3.795283534426189,4.466272353042309,3.493696414042948,0,0,0,0,0,0.0,0.0
2025-05-07,0.3665128646486748,0.93032557,0.9815689320211686,56.9,1.5799999999999983,4.043065574536714,0.022858688391144796,2.5126559371297086,4.043065574536714,4.757861127711651,3.761367285178246,0,0,0,0,0,0.0,0.0
2025-05-08,0.3509374349802986,0.9079168,0.958759957008314,58.48,0.8300000000000054,3.9834957117078447,0.021913400621568845,2.475634878046809,3.9834957117078447,4.687759584832503,3.616682679387509,0,0,0,0,0,0.0,0.0
2025-05-09,0.3409402790674811,0.9283182,0.9653652845595704,59.31,1.0999999999999943,4.322904909472282,0.023447716095604518,2.6865685174243907,4.322904909472282,5.0871747807179295,4.013031304332472,0,0,0,0,0,0.0,0.0
2025-05-12,0.3229601608324897,0.9318519,0.9765831870969344,60.41,1.4600000000000009,4.101404199142856,0.021841201450935252,2.5489118149477172,4.101404199142856,4.826513755065963,3.821901295639248,0,0,0,0,0,0.0,0.0
2025-05-13,0.3156353315712699,0.9481689,1.004749941482993,61.87,-0.5899999999999963,4.295987974780036,0.02233755987219597,2.6698403703001494,4.295987974780036,5.055499054740109,4.073322192460414,0,0,0,0,0,0.0,0.0
2025-05-14,0.3172661259599781,0.95996743,1.0130382280247974,61.28,-1.3900000000000006,4.262555089452263,0.02237711206424552,2.649062736035875,4.262555089452263,5.016155387773619,4.091914054454909,0,0,0,0,0,0.0,0.0
2025-05-15,0.3273435792515506,0.95868623,1.011738836502932,59.89,0.5700000000000003,3.9675736244127187,0.021311963808484814,2.4657397312983718,3.9675736244127187,4.669022545124164,3.803658200235665,0,0,0,0,0,0.0,0.0
2025-05-16,0.3280586849482331,0.95105267,0.9958980470400206,60.46,-0.030000000000001137,4.170289532703787,0.022189670519579943,2.591722187216505,4.170289532703787,4.907577701414785,3.966164994750989,0,0,0,0,0,0.0,0.0
2025-05-19,0.3284748371071432,0.9543803,1.0056845031058756,60.43,0.07000000000000028,3.84780029944307,0.020483903368642677,2.391303848291641,3.84780029944307,4.528073842585456,3.6722648041225665,0,0,0,0,0,0.0,0.0
2025-05-20,0.3232984150446497,0.9495185,1.020902530468633,60.5,-0.3500000000000014,3.573632787739937,0.019002351093972268,2.2209161527797043,3.573632787739937,4.205434765289946,3.393230444165644,0,0,0,0,0,0.0,0.0
2025-05-21,0.3334965209928786,0.9691186,1.0298901208497668,60.15,-0.4200000000000017,3.22427951710237,0.01724446960823134,2.0038025409818667,3.22427951710237,3.794317429802289,3.124709251622925,0,0,0,0,0,0.0,0.0
2025-05-22,0.3491450487534412,0.9618159,1.013990717104884,59.73,0.240000000000002,3.096910463632373,0.016679726426131154,1.9246461180874268,3.096910463632373,3.6444301086084527,2.978657724797988,0,0,0,0,0,0.0,0.0
2025-05-23,0.3530568036824891,0.94863844,0.9875090649404972,59.97,-0.5300000000000011,2.972764489558502,0.015947009182874665,1.8474927518912316,2.972764489558502,3.4983356925475277,2.8200786678621736,0,0,0,0,0,0.0,0.0
2025-05-27,0.3473534284695966,0.93957734,0.9880010600699958,59.44,0.7100000000000009,2.761988347750253,0.014948438528528871,1.7165010787768331,2.761988347750253,3.250295290216576,2.595101664890178,0,0,0,0,0,0.0,0.0
2025-05-28,0.3360566805066476,0.94104433,1.002177736504711,60.15,-1.0599999999999952,2.781654689987017,0.014877171630945887,1.7287231787333721,2.781654689987017,3.273438552062705,2.61766037403019,0,0,0,0,0,0.0,0.0
2025-05-29,0.3403178105895205,0.94857687,0.997250839113566,59.09,-0.6300000000000026,2.7106443384182146,0.01475745054367844,1.6845921652294755,2.7106443384182146,3.1898738942144194,2.571254522219971,0,0,0,0,0,0.0,0.0
2025-05-30,0.3492939509778097,0.95237756,0.9863329865300255,58.46,1.6599999999999966,2.8596840097319944,0.015736640534068702,1.7772162911780984,2.8596840097319944,3.365263099647233,2.723498879559573,0,0,0,0,0,0.0,0.0
2025-06-02,0.3327712863053392,0.93309313,0.9751731648157724,60.12,1.0500000000000043,2.8562910086485513,0.015283973267313827,1.7751076327455726,2.8562910086485513,3.3612702314476985,2.665185517450734,0,0,0,0,0,0.0,0.0
2025-06-03,0.3260913147168977,0.9435726,0.9867492028563424,61.17,-0.6400000000000006,3.3702354958311256,0.017724523002776577,2.0945102353665686,3.3702354958311256,3.966077759865752,3.1800618694136644,0,0,0,0,0,0.0,0.0
2025-06-04,0.3237748576812057,0.9474177,0.9869877307943652,60.53,0.5600000000000023,3.222741173290097,0.017128035020023226,2.002846501896674,3.222741173290097,3.792507113820385,3.053282030093805,0,0,0,0,0,0.0,0.0
2025-06-05,0.3197034138293843,0.94672203,0.9891043689013332,61.09,0.9399999999999977,3.2778262201080404,0.017261104760494753,2.0370803690903894,3.2778262201080404,3.8573309456731,3.103190293087911,0,0,0,0,0,0.0,0.0
2025-06-06,0.3135145381905883,0.9441666,0.9945412068846085,62.03,0.44999999999999574,3.1456429073988104,0.016313998854715402,1.9549320142479434,3.1456429073988104,3.701778226164348,2.9700109686928493,0,0,0,0,0,0.0,0.0
2025-06-09,0.3132782133416105,0.97262067,1.023317795136826,62.48,-0.269999999999996,3.2749297194346916,0.01686218120750962,2.035280272238232,3.2749297194346916,3.8539223568916285,3.185264337919482,0,0,0,0,0,0.0,0.0
2025-06-10,0.3144484926512891,0.977473,1.0414589635064504,62.21,2.5800000000000054,3.0286580938515018,0.015661841902075105,1.8822291156937099,3.0286580938515018,3.564111031149062,2.9604315129713092,1,0,0,0,0,0.0,0.0
2025-06-11,0.3355076071114717,1.0221826,1.091122753418569,64.79,-0.37000000000000455,3.0522580907511996,0.015155353201619166,1.896895875664098,3.0522580907511996,3.591883399861151,3.119965111075097,0,0,0,0,0,0.0,0.0
2025-06-12,0.3535142040258939,1.0180826,1.0694736739231885,64.42,3.75,3.8754612291572084,0.01935331942029322,2.40849436820566,3.8754612291572084,4.560625098511682,3.9455396443795667,1,0,0,0,0,0.0,0.0
2025-06-13,0.4075053540238741,1.0226054,1.1034505199116704,68.17,-0.6099999999999994,3.5773538536218474,0.01688190278482588,2.223228694614177,3.5773538536218474,4.209813698648014,3.6582213684245106,0,0,0,0,0,0.0,0.0
2025-06-16,0.4083302867230171,0.97524977,1.0466995505915644,67.56,2.5900000000000034,5.299383161808648,0.02523413773029101,3.2934233489817935,5.299383161808648,6.2362899343546285,5.168222209695757,0,0,0,0,0,0.0,0.0
2025-06-17,0.4718665817304615,0.99025166,1.0469721271660504,70.15,0.1699999999999875,4.455861375260198,0.02043415975517877,2.7691973660005287,4.455861375260198,5.243637343243332,4.412424123581293,0,0,0,0,0,0.0,0.0
2025-06-18,0.4635966729756577,0.88806504,0.9386315530222356,70.32,0.1700000000000017,5.690525567993217,0.026033125109413177,3.5365077786167185,5.690525567993217,6.6965845339539465,5.053556816160919,0,0,0,0,0,0.0,0.0
2025-06-20,0.46491425081031,0.87054086,0.9143177266737932,70.49,-4.209999999999994,4.5447196901276,0.02074112839318175,2.8244204061166918,4.5447196901276,5.348205402896932,3.9563641875026145,1,0,0,0,1,0.0,0.2536358124973792
2025-06-23,0.3861477942375019,0.8529776,0.9026405218635248,66.28,-4.060000000000002,4.306849713360134,0.020904029337572894,2.676590647145205,4.306849713360134,5.06828109916083,3.6736463320626154,1,0,0,0,1,0.0,0.3863536679373869
2025-06-24,0.3512139971769352,0.90867126,0.9612509465712435,62.22,0.13000000000000256,5.022011664417033,0.025965727730318373,3.1210444629946528,5.022011664417033,5.909880421314278,4.563357666840523,0,0,0,0,0,0.0,0.0
2025-06-25,0.3399085813664008,0.9398833,0.9894711731999252,62.35,0.36999999999999744,5.817262070887824,0.030014765883987552,3.6152710884316184,5.817262070887824,6.845727472515724,5.467547472150882,0,0,0,0,0,0.0,0.0
2025-06-26,0.3420873282249679,0.9504097,0.9933090731706083,62.72,0.17999999999999972,5.067979950332177,0.025994509499161184,3.1496125097885996,5.067979950332177,5.963975690518081,4.816657304201219,0,0,0,0,0,0.0,0.0
2025-06-27,0.340100913907725,0.94721496,0.9884097209129826,62.9,-0.14000000000000057,4.864361101583374,0.024878715287169277,3.0230689007899207,4.864361101583374,5.724357958015108,4.607595606261852,0,0,0,0,0,0.0,0.0
2025-06-30,0.3330690429601804,0.9457346,1.0059421133684368,62.76,0.3100000000000023,4.325044198334387,0.02216972998079997,2.687898027609548,4.325044198334387,5.0896922860935705,4.090343944894093,0,0,0,0,0,0.0,0.0
2025-07-01,0.3303084820259788,0.9477881,0.9990633996600886,63.07,1.6600000000000037,4.0870361937784665,0.02084675398664608,2.539982488099567,4.0870361937784665,4.809605551885556,3.8736442687325248,0,0,0,0,0,0.0,0.0
2025-07-02,0.3457637582947032,0.9515705,0.998456341159233,64.73,-0.3299999999999983,3.858823779797763,0.019177947602418047,2.3981546432763907,3.858823779797763,4.5410462239888165,3.671942873554047,0,0,0,0,0,0.0,0.0
2025-07-03,0.3314795735894258,0.92818534,0.9784942754386852,64.4,0.7999999999999972,4.1805807540510305,0.020883512091481968,2.5981179030271315,4.1805807540510305,4.9196883637580076,3.880353768596312,0,0,0,0,0,0.0,0.0
2025-07-07,0.3281285041025807,0.94469684,0.9865708967361358,65.2,0.5,3.792095596071013,0.01871046021785264,2.356684881303977,3.792095596071013,4.46252080172611,3.5823807265862024,0,0,0,0,0,0.0,0.0
2025-07-08,0.323831409973447,0.9445071,0.993652887398547,65.7,-0.060000000000002274,3.883065000261927,0.01901350045586957,2.4132199063545277,3.883065000261927,4.569573181666952,3.6675824625088924,0,0,0,0,0,0.0,0.0
2025-07-09,0.318299684942753,0.9461725,1.0149415380658195,65.64,-1.4000000000000057,3.563800899330032,0.017466168648712085,2.2148058999700706,3.563800899330032,4.193864643852367,3.3719704064213443,0,0,0,0,0,0.0,0.0
2025-07-10,0.3218444428050907,0.9554622,1.0068952608302613,64.24,1.5300000000000011,3.279997291649077,0.016425581044704433,2.0384296313511543,3.279997291649077,3.859885852760345,3.133913428273069,0,0,0,0,0,0.0,0.0
2025-07-11,0.3381845450088916,0.96675396,0.9942792368162564,65.77,-0.9899999999999949,3.617188304683667,0.01769277948496958,2.2479847288949846,3.617188304683667,4.256690698972819,3.4969311176186215,0,0,0,0,0,0.0,0.0
2025-07-14,0.3242442582728819,0.93145233,0.9769689063305168,64.78,-0.4099999999999966,3.7019047129198253,0.018383875944306093,2.300633686029764,3.7019047129198253,4.356384581793988,3.4481477702871524,0,0,0,0,0,0.0,0.0
2025-07-15,0.3155831980804393,0.9376242,0.9791730311470684,64.37,-0.18000000000000682,3.6821664097989975,0.018402324783253286,2.288366864329476,3.6821664097989975,4.333156636707706,3.452488334254657,0,0,0,0,0,0.0,0.0
2025-07-16,0.3152168673618194,0.94778234,0.9820232126791748,64.19,0.960000000000008,3.4641692655259915,0.017361390964367666,2.15288753342655,3.4641692655259915,4.0766185916111874,3.2832784526363055,0,0,0,0,0,0.0,0.0
2025-07-17,0.3043076619767351,0.9365415,0.9771630361650367,65.15,-0.12000000000000455,3.2994337107213276,0.016292126587892287,2.05050884027767,3.2994337107213276,3.8827585420751523,3.0900565965895184,0,0,0,0,0,0.0,0.0
2025-07-18,0.298781135006645,0.94636506,0.9933038759336078,65.03,-0.010000000000005116,3.360133927034218,0.016622472466098097,2.088232383488101,3.360133927034218,3.95419027977876,3.1799133454657733,0,0,0,0,0,0.0,0.0
2025-07-21,0.2940779210499227,0.94636804,0.9958671587811816,65.02,-0.5600000000000023,3.054272106107224,0.015111707862971122,1.898147531752403,3.054272106107224,3.5942534839462064,2.8904655066833653,0,0,0,0,0,0.0,0.0
2025-07-22,0.2981402982019556,0.9613857,1.0031377319938617,64.46,0.030000000000001137,2.843974728843775,0.014193458111323418,1.7674533978576392,2.843974728843775,3.3467764895479326,2.734156635471783,0,0,0,0,0,0.0,0.0
2025-07-23,0.2950184303722572,0.9503333,0.9970227983207628,64.49,0.6400000000000006,2.821210844293384,0.01407330034212876,1.7533062591053248,2.821210844293384,3.3199880540350026,2.6810906116531177,0,0,0,0,0,0.0,0.0
2025-07-24,0.2968093057012633,0.96695393,1.0219404173477986,65.13,-0.789999999999992,2.586771219726101,0.012777024594129249,1.6076083712755083,2.586771219726101,3.0441005731222543,2.501288596925047,0,0,0,0,0,0.0,0.0
2025-07-25,0.2954645064054691,0.96167934,1.04096847170604,64.34,1.5699999999999932,2.6179399441969204,0.013089751793070991,1.6269788907861495,2.6179399441969204,3.0807797859191086,2.5176187576949314,0,0,0,0,0,0.0,0.0
2025-07-28,0.3144574731774234,0.9881764,1.0511910156359408,65.91,2.3700000000000045,2.716438147233817,0.013258710792544166,1.6881928607538823,2.716438147233817,3.196692022003085,2.684320069156183,1,0,0,0,0,0.0,0.0
2025-07-29,0.3343168926509483,0.99338037,1.033206003861152,68.28,0.6500000000000057,3.2265500108601084,0.01520189319980451,2.005213591462108,3.2265500108601084,3.7969893365006837,3.2051914436117186,0,0,0,0,0,0.0,0.0
2025-07-30,0.3430548593619193,0.9660503,1.0281095056463327,68.93,-0.730000000000004,3.812237918990093,0.01779198922478268,2.3692027903848873,3.812237918990093,4.486224195468243,3.682813585311755,0,0,0,0,0,0.0,0.0
2025-07-31,0.346597478838563,0.9586576,1.0100117193679317,68.2,-2.0,3.505811078256307,0.016537007484594753,2.178766794116419,3.505811078256307,4.125622486904109,3.360872434334603,0,0,0,0,0,0.0,0.0
2025-08-01,0.3631873855345852,0.9547291,0.9927208794556576,66.2,-0.9000000000000057,3.4595442186429426,0.016811779493981317,2.1500131918419396,3.4595442186429426,4.071175857534032,3.30292753827518,0,0,0,0,0,0.0,0.0
2025-08-04,0.3529612708879917,0.92865324,0.9744242933062384,65.3,-1.0999999999999943,3.8056638951669135,0.018748651537323476,2.3651172123289252,3.8056638951669135,4.478487914217217,3.5341421065977747,0,0,0,0,0,0.0,0.0
2025-08-05,0.3382972002656561,0.92686886,0.976632197058372,64.2,-0.7900000000000063,3.6147392587739544,0.01811318139444111,2.24646271308003,3.6147392587739544,4.253808672916356,3.3503892559770603,0,0,0,0,0,0.0,0.0
2025-08-06,0.335920762081526,0.93843955,0.9821413050589872,63.41,-0.36999999999999744,3.706439799293729,0.018804075489077855,2.303452119590316,3.706439799293729,4.36172145075429,3.478269697351297,0,0,0,0,0,0.0,0.0
2025-08-07,0.328687424430384,0.9282417,0.9772121321893832,63.04,-0.03999999999999915,3.548603786226414,0.01810898444428089,2.2053613050796175,3.548603786226414,4.175980750465992,3.2939620111532433,0,0,0,0,0,0.0,0.0
2025-08-08,0.3204641545798511,0.92841756,0.9743370753113608,63.0,0.09000000000000341,3.3975769446846886,0.017349283351846854,2.1115022065639453,3.3975769446846886,3.9982530521724056,3.1543700968964137,0,0,0,0,0,0.0,0.0
2025-08-11,0.3134741186395122,0.9369381,0.9857985918139948,63.09,-0.6100000000000065,3.1065586428209784,0.015840606927010302,1.9306422005831996,3.1065586428209784,3.655784041872303,2.910653152343266,0,0,0,0,0,0.0,0.0
2025-08-12,0.3040203538509071,0.94101685,1.003917422118012,62.48,-0.5499999999999972,2.8564752550760217,0.014707614358873473,1.7752221369185432,2.8564752550760217,3.361487051803199,2.6879913466345844,0,0,0,0,0,0.0,0.0
2025-08-13,0.3068678202784112,0.9573428,1.0207237137131673,61.93,1.1000000000000014,2.8392727832400406,0.014748872726269246,1.7645312657973304,2.8392727832400406,3.34124326140701,2.718157356270814,0,0,0,0,0,0.0,0.0
2025-08-14,0.316854608512306,0.94337076,0.99015924161613,63.03,-1.0500000000000043,2.825353004469767,0.014420429593742195,1.755880499658157,2.825353004469767,3.3248625292381977,2.6653554110949274,0,0,0,0,0,0.0,0.0
2025-08-15,0.3232743476090529,0.9384452,0.9848968827988012,61.98,0.720000000000006,2.95280134685626,0.015326233819647936,1.8350861984703652,2.95280134685626,3.47484315726733,2.7710422505107926,0,0,0,0,0,0.0,0.0
2025-08-18,0.2966600183574284,0.9156528,0.9678540438053068,62.7,-0.9299999999999997,3.059885236888875,0.01569966501764376,1.9016359407639283,3.059885236888875,3.6008589906485904,2.801792484835962,0,0,0,0,0,0.0,0.0
2025-08-19,0.301631206771496,0.9328662,0.9839307956617872,61.77,0.9399999999999977,2.976983005307241,0.015504277847045873,1.850114445367761,2.976983005307241,3.5033000226400133,2.7771268236255455,0,0,0,0,0,0.0,0.0
2025-08-20,0.2923205507527414,0.9188635,0.9682243520214212,62.71,0.8100000000000023,3.1164871055151155,0.015987528148298034,1.936812471699283,3.1164871055151155,3.667467811487092,2.8636262494784885,0,0,0,0,0,0.0,0.0
