"Symbol: $OVX",,,,,,"Study: VOL (LikeMain)",
"Date Time","Open","High","Low","Close","Change","Volume","Open Interest"
2020-07-29,41.09,44.8,36.58,39.58,0,,
2020-07-30,40.44,43.31,39.99,42.06,2.480000000000004,,
2020-07-31,41.93,45.36,40.31,44.43,2.3699999999999974,,
2020-08-03,44.43,44.43,39.17,41.56,-2.8699999999999974,,
2020-08-04,41.56,43.18,39.89,40.28,-1.2800000000000011,,
2020-08-05,40.1,40.5,37,37.12,-3.1600000000000037,,
2020-08-06,37.12,38.39,36.93,37.59,0.47000000000000597,,
2020-08-07,37.59,39.51,35.44,37.43,-0.1600000000000037,,
2020-08-10,39.06,39.25,35.74,35.74,-1.6899999999999977,,
2020-08-11,35.74,37.84,33.77,37.5,1.759999999999998,,
2020-08-12,37.5,37.5,31.76,34.74,-2.759999999999998,,
2020-08-13,34.74,34.93,32.26,34.87,0.12999999999999545,,
2020-08-14,34.87,35.3,33.12,35.1,0.23000000000000398,,
2020-08-17,35.1,40.78,32.18,32.43,-2.6700000000000017,,
2020-08-18,32.43,36.8,30.53,31.7,-0.7300000000000004,,
2020-08-19,31.7,33.16,30.26,32.85,1.1500000000000021,,
2020-08-20,32.85,36.29,32.43,32.83,-0.020000000000003126,,
2020-08-21,32.83,35.02,32.26,33.68,0.8500000000000014,,
2020-08-24,33.68,33.79,32.17,32.25,-1.4299999999999997,,
2020-08-25,32.25,33.24,31.48,33.03,0.7800000000000011,,
2020-08-26,32.81,33.79,31.66,33.79,0.759999999999998,,
2020-08-27,31.87,34.45,31.87,33.74,-0.04999999999999716,,
2020-08-28,32.06,33.46,31.35,32.06,-1.6799999999999997,,
2020-08-31,32.06,32.85,31.58,32.59,0.5300000000000011,,
2020-09-01,32.59,34.23,31.25,31.74,-0.850000000000005,,
2020-09-02,31.37,36.97,31.06,35.49,3.7500000000000036,,
2020-09-03,35.49,42.63,34.17,41.28,5.789999999999999,,
2020-09-04,36.05,45.19,36.05,44.02,2.740000000000002,,
2020-09-08,45.53,59.25,45.53,55.9,11.879999999999995,,
2020-09-09,50.46,52.41,48.51,49.42,-6.479999999999997,,
2020-09-10,46.73,52.16,45.38,52.16,2.739999999999995,,
2020-09-11,52.16,52.2,45.54,50.13,-2.029999999999994,,
2020-09-14,50.13,50.44,48.13,49.41,-0.720000000000006,,
2020-09-15,45.13,46.92,44.97,45.19,-4.219999999999999,,
2020-09-16,45.19,45.19,40.8,41.13,-4.059999999999995,,
2020-09-17,41.13,41.44,36.69,38.73,-2.4000000000000057,,
2020-09-18,38.73,39.55,36.35,39.07,0.3400000000000034,,
2020-09-21,39.07,44.75,39.07,42.89,3.8200000000000003,,
2020-09-22,38.75,42.63,38.75,41.28,-1.6099999999999994,,
2020-09-23,38.06,44.7,38.06,44.64,3.3599999999999994,,
2020-09-24,44.64,44.64,39.12,42.88,-1.759999999999998,,
2020-09-25,38.65,41.98,38.65,41.41,-1.470000000000006,,
2020-09-28,40.47,41.98,40.15,40.64,-0.769999999999996,,
2020-09-29,40.63,49.82,38.26,46.13,5.490000000000002,,
2020-09-30,46.13,46.13,42.35,44,-2.1300000000000026,,
2020-10-01,44,52.73,43.07,49.35,5.350000000000001,,
2020-10-02,55.38,56.19,50.42,55.51,6.159999999999997,,
2020-10-05,55.51,55.51,48.97,49.44,-6.07,,
2020-10-06,49.44,49.44,44.64,46.6,-2.8399999999999963,,
2020-10-07,45.85,47.26,45.46,45.5,-1.1000000000000014,,
2020-10-08,45.5,45.5,38.63,41.15,-4.350000000000001,,
2020-10-09,41.15,42.55,40.57,42.38,1.230000000000004,,
2020-10-12,42.38,45.56,41.69,44.04,1.6599999999999966,,
2020-10-13,43.06,46.97,42.55,46.07,2.030000000000001,,
2020-10-14,46.07,46.07,41.71,43.53,-2.539999999999999,,
2020-10-15,45.59,46.02,43.39,43.83,0.29999999999999716,,
2020-10-16,44.84,48.79,43.22,44.06,0.23000000000000398,,
2020-10-19,44.06,44.3,42.31,43.35,-0.7100000000000009,,
2020-10-20,43.35,44.21,42,43.85,0.5,,
2020-10-21,43.85,48.37,43.85,47.58,3.729999999999997,,
2020-10-22,47.58,47.58,44.94,46.61,-0.9699999999999989,,
2020-10-23,46.61,47.01,44.32,46.32,-0.28999999999999915,,
2020-10-26,46.32,53.48,46.32,53.05,6.729999999999997,,
2020-10-27,53.05,53.05,48.84,50.22,-2.8299999999999983,,
2020-10-28,50.22,59.84,50.22,59.61,9.39,,
2020-10-29,59.61,66.64,59.61,63.38,3.770000000000003,,
2020-10-30,60.11,69.15,60.07,68.84,5.460000000000001,,
2020-11-02,68.84,70.66,65.32,66.73,-2.1099999999999994,,
2020-11-03,66.73,68.3,57.89,63.63,-3.1000000000000014,,
2020-11-04,59.85,60.73,53.78,54.53,-9.100000000000001,,
2020-11-05,52.39,54.41,52.22,53.69,-0.8400000000000034,,
2020-11-06,53.69,57.66,53.69,55.75,2.0600000000000023,,
2020-11-09,52.9,53.31,50.5,52.2,-3.549999999999997,,
2020-11-10,51.75,51.75,49.13,49.64,-2.5600000000000023,,
2020-11-11,47.55,50.01,47.33,49.24,-0.3999999999999986,,
2020-11-12,50.47,51.42,46.48,50.9,1.6599999999999966,,
2020-11-13,51.18,51.18,47.99,48.24,-2.6599999999999966,,
2020-11-16,46.99,47.54,44.58,46.89,-1.3500000000000014,,
2020-11-17,47.62,49.55,44.67,45.08,-1.8100000000000023,,
2020-11-18,49.28,49.28,43.24,46.06,0.980000000000004,,
2020-11-19,47.13,48.39,45.13,46.34,0.28000000000000114,,
2020-11-20,46.06,46.15,43.45,43.94,-2.4000000000000057,,
2020-11-23,43.1,43.13,41.2,42.79,-1.1499999999999986,,
2020-11-24,41.19,43.34,40.97,42.84,0.05000000000000426,,
2020-11-25,41.86,43.59,41.23,43.56,0.7199999999999989,,
2020-11-27,44.95,46.68,44.39,46.21,2.6499999999999986,,
2020-11-30,46.61,48.38,41.05,47.37,1.1599999999999966,,
2020-12-01,46.74,48.43,45.93,47.81,0.44000000000000483,,
2020-12-02,46.59,47.28,44.47,45.68,-2.1300000000000026,,
2020-12-03,43.42,44.17,37.84,40.95,-4.729999999999997,,
2020-12-04,39.13,39.45,37.13,38.34,-2.6099999999999994,,
2020-12-07,38.26,39.06,37.18,37.68,-0.6600000000000037,,
2020-12-08,37.08,38.83,36.34,37.7,0.020000000000003126,,
2020-12-09,36.57,40.95,36.06,39.52,1.8200000000000003,,
2020-12-10,36.54,39.7,35.77,39.7,0.17999999999999972,,
2020-12-11,39.65,40.1,38.62,39.51,-0.19000000000000483,,
2020-12-14,39.81,41.46,36.88,39.96,0.45000000000000284,,
2020-12-15,39.13,41.25,38.32,39.34,-0.6199999999999974,,
2020-12-16,37.45,40.83,37.42,38.68,-0.6600000000000037,,
2020-12-17,36.81,39.09,36.21,36.86,-1.8200000000000003,,
2020-12-18,35.07,37.9,35.06,37.15,0.28999999999999915,,
2020-12-21,43.71,44.77,40.97,41.56,4.410000000000004,,
2020-12-22,41.77,43.54,40.32,42.06,0.5,,
2020-12-23,39.88,43.16,39.25,39.89,-2.1700000000000017,,
2020-12-24,39.62,40.66,39.21,39.41,-0.480000000000004,,
2020-12-28,40.73,42.92,39.4,39.67,0.2600000000000051,,
2020-12-29,38.71,40.3,38.63,38.64,-1.0300000000000011,,
2020-12-30,38.39,38.47,37.46,38.01,-0.6300000000000026,,
2020-12-31,37.86,38.66,37.57,37.83,-0.17999999999999972,,
2021-01-04,41.03,43.51,40.35,42.12,4.289999999999999,,
2021-01-05,41.7,41.79,36.32,40.39,-1.7299999999999969,,
2021-01-06,41.05,41.05,36.72,39.31,-1.0799999999999983,,
2021-01-07,38.13,38.13,35.4,36.06,-3.25,,
2021-01-08,36.76,38.1,34.67,36.65,0.5899999999999963,,
2021-01-11,38.8,38.91,34.76,35.31,-1.3399999999999963,,
2021-01-12,32.01,36.71,32.01,33.85,-1.4600000000000009,,
2021-01-13,35.14,38.82,33.69,36.79,2.9399999999999977,,
2021-01-14,35.85,40.44,35.36,37.95,1.1600000000000037,,
2021-01-15,34.45,41.81,34.45,40.39,2.4399999999999977,,
2021-01-19,32.64,37.88,32.64,35.37,-5.020000000000003,,
2021-01-20,32.85,37.03,32.85,35.67,0.30000000000000426,,
2021-01-21,31.52,36.36,31.17,35.05,-0.6200000000000045,,
2021-01-22,33,38.09,33,36.25,1.2000000000000028,,
2021-01-25,37.19,38.23,36.8,38.02,1.7700000000000031,,
2021-01-26,36.18,39.24,35.9,37.13,-0.8900000000000006,,
2021-01-27,37.2,40.51,37.17,40.21,3.0799999999999983,,
2021-01-28,38.06,45.62,37.57,40.45,0.240000000000002,,
2021-01-29,40.13,41.43,39.07,40.2,-0.25,,
2021-02-01,45.31,45.31,39.12,39.16,-1.0400000000000063,,
2021-02-02,39,40.43,37.63,38.62,-0.5399999999999991,,
2021-02-03,36.69,38.28,35.39,37.11,-1.509999999999998,,
2021-02-04,35.39,37.02,34.64,35.37,-1.740000000000002,,
2021-02-05,34.8,35.4,33.79,34.94,-0.4299999999999997,,
2021-02-08,34.36,35.15,33.52,34.48,-0.46000000000000085,,
2021-02-09,34.14,34.49,33.01,33.54,-0.9399999999999977,,
2021-02-10,32.48,33.99,32.24,33.77,0.23000000000000398,,
2021-02-11,32.29,34.96,32.21,34.33,0.5599999999999952,,
2021-02-12,33.39,34.81,32.79,34.25,-0.0799999999999983,,
2021-02-16,34.77,36.45,33.78,35.13,0.8800000000000026,,
2021-02-17,35.04,37.83,35.04,36.9,1.769999999999996,,
2021-02-18,37.39,39.3,37.01,37.9,1,,
2021-02-19,36.48,40.21,36.48,37.76,-0.14000000000000057,,
2021-02-22,37.64,38.57,36.2,38.57,0.8100000000000023,,
2021-02-23,40.27,41.74,39.38,39.75,1.1799999999999997,,
2021-02-24,37.52,40.68,36.9,39.58,-0.1700000000000017,,
2021-02-25,38.34,41.47,37.27,40.58,1,,
2021-02-26,41.63,42.7,40.4,42.49,1.9100000000000037,,
2021-03-01,42.36,47.35,41.51,42.56,0.07000000000000028,,
2021-03-02,40.44,41.83,38.98,40.96,-1.6000000000000014,,
2021-03-03,38.96,41.88,38.29,39.83,-1.1300000000000026,,
2021-03-04,37.48,40.39,30.19,37.27,-2.559999999999995,,
2021-03-05,38.8,38.8,32.78,36.61,-0.6600000000000037,,
2021-03-08,37.74,39.08,37.53,38.89,2.280000000000001,,
2021-03-09,37.55,38.24,37.11,37.97,-0.9200000000000017,,
2021-03-10,37.62,38.02,36.5,37.56,-0.4099999999999966,,
2021-03-11,36.16,37.88,36.16,37.86,0.29999999999999716,,
2021-03-12,37.97,39.07,36.91,37.51,-0.3500000000000014,,
2021-03-15,39.3,43.61,38.47,39.38,1.8700000000000045,,
2021-03-16,39.68,43.15,37.96,39.1,-0.28000000000000114,,
2021-03-17,39.08,39.1,36.91,37.4,-1.7000000000000028,,
2021-03-18,36.67,52.83,36.67,48.44,11.04,,
2021-03-19,46.35,48.22,41.99,44.38,-4.059999999999995,,
2021-03-22,39.52,41.07,38.95,40.28,-4.100000000000001,,
2021-03-23,40.28,49.99,40.28,48.62,8.339999999999996,,
2021-03-24,45.92,64.91,38.59,64.91,16.29,,
2021-03-25,45.77,54.4,45.77,49.88,-15.029999999999994,,
2021-03-26,43.99,46.68,43.99,44.93,-4.950000000000003,,
2021-03-29,44.33,50.43,41.68,44.16,-0.7700000000000031,,
2021-03-30,41.31,42.32,41.1,41.46,-2.6999999999999957,,
2021-03-31,42.78,45.65,41.32,45.65,4.189999999999998,,
2021-04-01,43.85,45.81,40.03,40.15,-5.5,,
2021-04-05,39.27,44.98,39.25,42,1.8500000000000014,,
2021-04-06,41.27,42.46,41.21,42.41,0.4099999999999966,,
2021-04-07,42.46,42.88,39.94,41.27,-1.1399999999999935,,
2021-04-08,41.83,43.03,40.4,40.7,-0.5700000000000003,,
2021-04-09,39.62,40.69,38.3,39.19,-1.5100000000000051,,
2021-04-12,38.72,39.16,33.22,37.04,-2.1499999999999986,,
2021-04-13,38.36,38.36,35.05,35.2,-1.8399999999999963,,
2021-04-14,35.54,37.18,32.33,35.7,0.5,,
2021-04-15,34.81,35.4,31.18,34.2,-1.5,,
2021-04-16,34.2,44.9,31.32,32.79,-1.4100000000000037,,
2021-04-19,34.88,37.54,32.8,35.07,2.280000000000001,,
2021-04-20,41.12,54.91,34.97,35.68,0.6099999999999994,,
2021-04-21,42.32,52.56,35.43,42.44,6.759999999999998,,
2021-04-22,40.95,49.88,38.64,39.39,-3.049999999999997,,
2021-04-23,47.01,47.01,37.94,38.7,-0.6899999999999977,,
2021-04-26,52.91,52.91,35.52,41.23,2.529999999999994,,
2021-04-27,47.3,47.47,38.02,38.44,-2.789999999999999,,
2021-04-28,50.38,50.38,34.87,36.42,-2.019999999999996,,
2021-04-29,36.73,42.81,36.2,36.37,-0.05000000000000426,,
2021-04-30,40.06,40.32,37.56,38.39,2.020000000000003,,
2021-05-03,41.15,42.92,38.3,40.15,1.759999999999998,,
2021-05-04,36.93,40.14,35.4,37.15,-3,,
2021-05-05,37.21,39.89,33.93,38.33,1.1799999999999997,,
2021-05-06,41.27,46.8,37.74,37.74,-0.5899999999999963,,
2021-05-07,38.01,39.82,33.55,37.63,-0.10999999999999943,,
2021-05-10,39.3,39.49,37.18,37.99,0.35999999999999943,,
2021-05-11,39.9,41.41,37.53,37.93,-0.060000000000002274,,
2021-05-12,37.37,38.17,36.44,36.94,-0.990000000000002,,
2021-05-13,37.22,39.14,36.69,37.94,1,,
2021-05-14,40.88,40.88,35.59,36.46,-1.4799999999999969,,
2021-05-17,38.63,38.63,36.11,36.42,-0.03999999999999915,,
2021-05-18,37.63,45.44,35.32,37.01,0.5899999999999963,,
2021-05-19,39.49,50.94,38.24,38.82,1.8100000000000023,,
2021-05-20,39.17,42.12,37.29,39.43,0.6099999999999994,,
2021-05-21,37.94,47.76,36.03,39.34,-0.0899999999999963,,
2021-05-24,37.38,44.1,34.01,35.54,-3.8000000000000043,,
2021-05-25,32.77,36.82,32.77,36.23,0.6899999999999977,,
2021-05-26,34.92,37.15,33.51,33.89,-2.3399999999999963,,
2021-05-27,33.71,35.35,33.38,33.63,-0.259999999999998,,
2021-05-28,33.27,33.93,32.46,33.54,-0.09000000000000341,,
2021-06-01,41.82,43.57,31.98,33.43,-0.10999999999999943,,
2021-06-02,33.43,40.81,31.14,32.77,-0.6599999999999966,,
2021-06-03,32.16,36.05,32.16,33.89,1.1199999999999974,,
2021-06-04,33.72,34.74,31.47,31.76,-2.129999999999999,,
2021-06-07,33.97,34.57,31.24,31.7,-0.060000000000002274,,
2021-06-08,34.08,36.82,31.79,31.95,0.25,,
2021-06-09,34.52,39.45,31.41,31.79,-0.16000000000000014,,
2021-06-10,32.69,33.03,31.23,33.03,1.240000000000002,,
2021-06-11,33.03,37.16,30.99,32.55,-0.480000000000004,,
2021-06-14,30.11,34.99,29.12,33.13,0.5800000000000054,,
2021-06-15,33.92,34.41,31.56,31.56,-1.5700000000000038,,
2021-06-16,33.27,38.57,29.91,33.83,2.2699999999999996,,
2021-06-17,35.11,53.08,32.99,36.84,3.010000000000005,,
2021-06-18,31.97,37.9,31.97,33.95,-2.8900000000000006,,
2021-06-21,36.85,37.4,32.78,35.01,1.0599999999999952,,
2021-06-22,35.51,42.96,33.59,34.28,-0.7299999999999969,,
2021-06-23,34.61,40.34,31.33,34.68,0.3999999999999986,,
2021-06-24,34.67,36.94,29.59,32.05,-2.6300000000000026,,
2021-06-25,32.05,33.98,28.66,31.3,-0.7499999999999964,,
2021-06-28,32.77,33.68,30.65,31.86,0.5599999999999987,,
2021-06-29,31.86,34.05,31.84,31.99,0.129999999999999,,
2021-06-30,31.99,33.49,27.56,32.74,0.7500000000000036,,
2021-07-01,27.61,39,26.54,32.47,-0.2700000000000031,,
2021-07-02,33.19,39.25,29.82,32.87,0.3999999999999986,,
2021-07-06,36.5,40.23,35.14,37.59,4.720000000000006,,
2021-07-07,37.59,48.5,37.59,42.01,4.419999999999995,,
2021-07-08,42.01,43.37,38.58,38.8,-3.210000000000001,,
2021-07-09,40.41,40.41,34.56,37.02,-1.779999999999994,,
2021-07-12,38.89,41.03,35.57,38.73,1.7099999999999937,,
2021-07-13,35.86,38.35,33.78,35.4,-3.3299999999999983,,
2021-07-14,35.12,39.1,30.07,38.2,2.8000000000000043,,
2021-07-15,38.2,40.23,34.33,38.04,-0.1600000000000037,,
2021-07-16,34.78,42.83,34.78,37.15,-0.8900000000000006,,
2021-07-19,37.11,71.52,37.11,46.36,9.21,,
2021-07-20,49.77,53.31,38.73,52.26,5.899999999999999,,
2021-07-21,40.69,47.91,36.31,42.91,-9.350000000000001,,
2021-07-22,42.91,42.91,36.44,36.44,-6.469999999999999,,
2021-07-23,35.16,37.29,32.28,34.05,-2.3900000000000006,,
2021-07-26,35.93,36.63,32.79,35.59,1.5400000000000063,,
2021-07-27,35.85,36.37,35.07,35.14,-0.45000000000000284,,
2021-07-28,37.38,39.46,30.66,34.62,-0.5200000000000031,,
2021-07-29,34.66,35.9,30.07,33.36,-1.259999999999998,,
2021-07-30,33.36,34.78,31,32.85,-0.509999999999998,,
2021-08-02,34.04,40.01,34.02,36.23,3.3799999999999955,,
2021-08-03,36.23,47.27,36.23,37.55,1.3200000000000003,,
2021-08-04,40.49,44.54,34.42,42.27,4.720000000000006,,
2021-08-05,42.27,42.27,37.05,39.09,-3.1799999999999997,,
2021-08-06,38.03,43.63,37.69,39.31,0.21999999999999886,,
2021-08-09,42.24,45.29,40.22,43.28,3.969999999999999,,
2021-08-10,41.97,42.82,36.92,39.28,-4,,
2021-08-11,39.28,40.89,35.33,38.32,-0.9600000000000009,,
2021-08-12,38.32,38.57,33.91,36.5,-1.8200000000000003,,
2021-08-13,37.02,37.99,33,35.91,-0.5900000000000034,,
2021-08-16,37.59,42.5,36.67,38.84,2.930000000000007,,
2021-08-17,37.99,42,36.46,39.5,0.6599999999999966,,
2021-08-18,39.5,43.68,36.8,40.86,1.3599999999999994,,
2021-08-19,41.75,43.05,38.29,40.98,0.11999999999999744,,
2021-08-20,41.43,41.91,38.64,40.67,-0.30999999999999517,,
2021-08-23,40.94,41.09,37.91,38.67,-2,,
2021-08-24,38.67,38.67,34.68,36.79,-1.8800000000000026,,
2021-08-25,36.79,36.84,34.64,35.6,-1.1899999999999977,,
2021-08-26,35.6,38.2,33.23,36.33,0.7299999999999969,,
2021-08-27,36.33,40.35,33.88,34.93,-1.3999999999999986,,
2021-08-30,35.17,39.24,31.72,35.27,0.3400000000000034,,
2021-08-31,35.04,40.75,34.28,34.28,-0.990000000000002,,
2021-09-01,34.83,36.32,32.55,36.13,1.8500000000000014,,
2021-09-02,36.13,36.13,31.01,31.35,-4.780000000000001,,
2021-09-03,32.28,36.91,31.12,36.91,5.559999999999995,,
2021-09-07,33.94,38.92,32.71,32.91,-4,,
2021-09-08,32.91,36.29,30.79,31.91,-0.9999999999999964,,
2021-09-09,34.09,38.25,32.9,33.87,1.9599999999999973,,
2021-09-10,33.87,36.79,32.69,33.54,-0.3299999999999983,,
2021-09-13,33.63,35.87,31.83,32.74,-0.7999999999999972,,
2021-09-14,32.74,35.57,32.66,33.63,0.8900000000000006,,
2021-09-15,33.63,36.2,32.04,32.38,-1.25,,
2021-09-16,32.38,34.95,31.45,33.16,0.779999999999994,,
2021-09-17,33.16,34.8,31.48,32.32,-0.8399999999999963,,
2021-09-20,39.39,39.39,34.37,35.23,2.9099999999999966,,
2021-09-21,35.23,38.35,33.84,34.45,-0.779999999999994,,
2021-09-22,34.45,39.31,31.96,32.43,-2.020000000000003,,
2021-09-23,32.43,37.26,32.06,32.3,-0.13000000000000256,,
2021-09-24,32.3,34.59,31.82,34.01,1.7100000000000009,,
2021-09-27,34.66,35.08,34.1,34.98,0.9699999999999989,,
2021-09-28,34.98,39.55,34.98,36.1,1.1200000000000045,,
2021-09-29,36.1,38.12,33.29,35.26,-0.8400000000000034,,
2021-09-30,35.26,42.01,31.91,38.68,3.4200000000000017,,
2021-10-01,38.68,41.88,33.39,37.38,-1.2999999999999972,,
2021-10-04,39.6,43.13,34.59,37.27,-0.10999999999999943,,
2021-10-05,37.27,40.09,37.03,37.2,-0.07000000000000028,,
2021-10-06,37.2,42.32,35.99,41.02,3.8200000000000003,,
2021-10-07,41.02,49.79,38.64,46.15,5.1299999999999955,,
2021-10-08,46.15,46.15,37.8,38,-8.149999999999999,,
2021-10-11,40.8,45.82,38.09,38.51,0.509999999999998,,
2021-10-12,38.51,39.69,36.92,37.1,-1.4099999999999966,,
2021-10-13,37.1,39.27,34.16,36.05,-1.0500000000000043,,
2021-10-14,36.05,40.98,34.27,36.98,0.9299999999999997,,
2021-10-15,36.98,38.45,33.69,34.05,-2.9299999999999997,,
2021-10-18,40.61,41.04,34.58,35.02,0.970000000000006,,
2021-10-19,35.02,40.77,34.42,35.14,0.11999999999999744,,
2021-10-20,35.14,37.29,33.22,35.16,0.01999999999999602,,
2021-10-21,35.16,36.99,34.01,36.55,1.3900000000000006,,
2021-10-22,36.55,39.16,36.35,36.87,0.3200000000000003,,
2021-10-25,39.1,39.65,35.9,36.07,-0.7999999999999972,,
2021-10-26,36.07,39.07,34.76,35.5,-0.5700000000000003,,
2021-10-27,35.5,38.58,34.98,37.63,2.1300000000000026,,
2021-10-28,37.63,39.98,36.91,37.23,-0.4000000000000057,,
2021-10-29,37.23,41.85,36.76,37.92,0.6900000000000048,,
2021-11-01,41.85,41.85,36.2,36.74,-1.1799999999999997,,
2021-11-02,36.74,36.91,35.34,35.56,-1.1799999999999997,,
2021-11-03,35.56,39.52,35.56,39.44,3.8799999999999955,,
2021-11-04,39.44,39.44,34.42,38.56,-0.8799999999999955,,
2021-11-05,38.56,39.27,37.35,37.84,-0.7199999999999989,,
2021-11-08,39.27,39.47,37.67,37.71,-0.13000000000000256,,
2021-11-09,37.71,40.13,36.33,36.33,-1.3800000000000026,,
2021-11-10,36.33,37.19,34.58,37.09,0.7600000000000051,,
2021-11-11,37.09,37.31,36.13,36.2,-0.8900000000000006,,
2021-11-12,36.2,39.35,35.33,36.1,-0.10000000000000142,,
2021-11-15,40.51,40.51,36.31,36.42,0.3200000000000003,,
2021-11-16,36.42,39.46,34.63,34.69,-1.730000000000004,,
2021-11-17,34.69,35.95,33.18,33.75,-0.9399999999999977,,
2021-11-18,33.75,37.68,33.75,37.68,3.9299999999999997,,
2021-11-19,37.68,44.15,34.96,37.13,-0.5499999999999972,,
2021-11-22,37.82,39.81,36.21,36.61,-0.5200000000000031,,
2021-11-23,36.61,37.18,33.88,35.1,-1.509999999999998,,
2021-11-24,35.1,37.83,29.74,34.79,-0.3100000000000023,,
2021-11-26,34.79,76.76,34.79,65.72,30.93,,
2021-11-29,57.4,63.47,52.04,63.34,-2.3799999999999955,,
2021-11-30,63.34,93.73,58.66,75.23,11.89,,
2021-12-01,75.23,80.5,68.86,78.18,2.950000000000003,,
2021-12-02,78.18,102.01,57.27,57.27,-20.910000000000004,,
2021-12-03,57.27,66.76,50.35,64.55,7.279999999999994,,
2021-12-06,65.42,68.28,54.38,56.21,-8.339999999999996,,
2021-12-07,56.21,56.21,47.12,48.15,-8.060000000000002,,
2021-12-08,48.15,54.41,43.69,45.22,-2.9299999999999997,,
2021-12-09,45.22,53.55,43.61,47.43,2.210000000000001,,
2021-12-10,47.43,53.87,39.94,46.23,-1.2000000000000028,,
2021-12-13,53.3,61.12,44.69,45.88,-0.3499999999999943,,
2021-12-14,45.88,61.31,45.88,54.76,8.879999999999995,,
2021-12-15,54.76,67.21,47.22,56.53,1.7700000000000031,,
2021-12-16,56.53,64.18,44.87,49.97,-6.560000000000002,,
2021-12-17,49.97,59.94,44.56,48.31,-1.6599999999999966,,
2021-12-20,60.04,65.8,49.87,60.24,11.93,,
2021-12-21,60.24,61.99,48.89,52.31,-7.93,,
2021-12-22,52.31,70.41,44.96,46,-6.310000000000002,,
2021-12-23,46,49,42.55,43.71,-2.289999999999999,,
2021-12-27,50.85,52.52,43.58,43.58,-0.13000000000000256,,
2021-12-28,43.58,46.92,36.29,41.23,-2.3500000000000014,,
2021-12-29,41.23,44.55,40.07,40.24,-0.9899999999999949,,
2021-12-30,40.24,44.82,39.84,40.2,-0.03999999999999915,,
2021-12-31,40.2,45.69,40.2,42.62,2.4199999999999946,,
2022-01-03,42.62,44.56,36.5,37.57,-5.049999999999997,,
2022-01-04,37.57,43.13,33.75,39.48,1.9099999999999966,,
2022-01-05,39.48,46.95,33.54,44.49,5.010000000000005,,
2022-01-06,44.49,44.49,34.76,36.86,-7.630000000000003,,
2022-01-07,36.86,37.68,33.63,37,0.14000000000000057,,
2022-01-10,42.67,42.67,36.7,37.65,0.6499999999999986,,
2022-01-11,37.65,38.51,33.79,34.31,-3.3399999999999963,,
2022-01-12,34.31,39.49,31.77,34.39,0.0799999999999983,,
2022-01-13,35.72,43.85,33.53,37.11,2.719999999999999,,
2022-01-14,37.43,43.47,37.19,41.18,4.07,,
2022-01-18,47.82,51.16,38.93,42.28,1.1000000000000014,,
2022-01-19,47.62,48.33,38.8,42.75,0.46999999999999886,,
2022-01-20,42.75,46.84,36.31,41.15,-1.6000000000000014,,
2022-01-21,41.15,52.13,38.31,42.57,1.4200000000000017,,
2022-01-24,50.82,53.37,43.93,47.84,5.270000000000003,,
2022-01-25,51.58,51.6,46.03,47.63,-0.21000000000000085,,
2022-01-26,45.4,59.17,42.55,45.67,-1.9600000000000009,,
2022-01-27,45.67,51.5,41.63,46.9,1.2299999999999969,,
2022-01-28,46.9,48.6,41.07,47.74,0.8400000000000034,,
2022-01-31,49.52,50,42.08,42.35,-5.390000000000001,,
2022-02-01,46.07,50.36,39.6,41.31,-1.0399999999999991,,
2022-02-02,45.88,58.4,41.45,41.86,0.5499999999999972,,
2022-02-03,41.86,46.55,37.37,42.15,0.28999999999999915,,
2022-02-04,44.91,47.35,40.51,43.88,1.730000000000004,,
2022-02-07,47.14,47.18,42.02,43.34,-0.5399999999999991,,
2022-02-08,47.52,47.52,37.57,41.26,-2.0800000000000054,,
2022-02-09,41.26,45.42,33.33,39.4,-1.8599999999999994,,
2022-02-10,39.4,46.43,36.46,43.81,4.410000000000004,,
2022-02-11,43.81,50.53,37.79,47.44,3.6299999999999955,,
2022-02-14,50.67,52.9,46.11,48.83,1.3900000000000006,,
2022-02-15,48.83,50.97,47.27,48.36,-0.46999999999999886,,
2022-02-16,50.28,50.9,45.47,49.38,1.0200000000000031,,
2022-02-17,49.38,58.35,48.12,53.14,3.759999999999998,,
2022-02-18,54.81,54.92,49.01,52.01,-1.1300000000000026,,
2022-02-22,53.39,54.02,47.2,50.11,-1.8999999999999986,,
2022-02-23,50.11,52.3,48.84,50.51,0.3999999999999986,,
2022-02-24,50.51,56.05,49.04,49.04,-1.4699999999999989,,
2022-02-25,49.04,52.91,44.45,49.5,0.46000000000000085,,
2022-02-28,49.73,61.31,47.32,52.5,3,,
2022-03-01,57.24,63.93,56.48,61.43,8.93,,
2022-03-02,61.43,67.19,57.74,61.53,0.10000000000000142,,
2022-03-03,64.08,64.37,61.61,64.37,2.8400000000000034,,
2022-03-04,68.1,78.61,67.86,77.29,12.920000000000002,,
2022-03-07,77.29,82.14,77.29,78.91,1.6199999999999903,,
2022-03-08,78.91,86.66,75.2,75.82,-3.0900000000000034,,
2022-03-09,75.82,75.82,65.55,73.25,-2.569999999999993,,
2022-03-10,74.08,74.14,66.76,67.34,-5.909999999999997,,
2022-03-11,68.72,68.72,61.01,68.01,0.6700000000000017,,
2022-03-14,68.57,68.57,62.58,65.42,-2.5900000000000034,,
2022-03-15,65.42,65.42,62.4,63.62,-1.8000000000000043,,
2022-03-16,63.62,64.49,57.82,59.35,-4.269999999999996,,
2022-03-17,59.35,69.54,59.35,67.78,8.43,,
2022-03-18,67.78,69.46,67.33,69.09,1.3100000000000023,,
2022-03-21,71.81,72,68.91,70.78,1.6899999999999977,,
2022-03-22,70.78,72.2,68.11,69.56,-1.2199999999999989,,
2022-03-23,69.56,72.85,69.56,72.59,3.030000000000001,,
2022-03-24,72.59,72.8,68.84,69.14,-3.450000000000003,,
2022-03-25,69.14,70.89,68.24,68.91,-0.23000000000000398,,
2022-03-28,70.67,70.67,66.71,67.04,-1.8699999999999903,,
2022-03-29,67.04,67.04,62.31,62.46,-4.580000000000005,,
2022-03-30,62.46,64.55,60.88,61.04,-1.4200000000000017,,
2022-03-31,61.04,62.43,56.23,57.66,-3.3800000000000026,,
2022-04-01,57.66,57.71,53.58,54.36,-3.299999999999997,,
2022-04-04,56.29,56.74,53.72,54.31,-0.04999999999999716,,
2022-04-05,54.31,56.59,51.85,53.8,-0.5100000000000051,,
2022-04-06,55.07,55.64,51.96,53.15,-0.6499999999999986,,
2022-04-07,53.15,56.17,52.24,54.23,1.0799999999999983,,
2022-04-08,54.23,55.54,52.73,53.14,-1.0899999999999963,,
2022-04-11,57.38,57.56,52.96,54.81,1.6700000000000017,,
2022-04-12,54.81,57.19,54.55,55.25,0.4399999999999977,,
2022-04-13,55.25,57.38,50.81,51.2,-4.049999999999997,,
2022-04-14,51.2,54.52,49.24,53.38,2.1799999999999997,,
2022-04-18,55.2,56.23,50.68,50.94,-2.440000000000005,,
2022-04-19,50.94,53.13,49.67,50.34,-0.5999999999999943,,
2022-04-20,53.09,54.02,50.64,52.23,1.8899999999999935,,
2022-04-21,52.23,52.23,48.99,49.86,-2.3699999999999974,,
2022-04-22,50.93,51.24,50.16,51.15,1.2899999999999991,,
2022-04-25,56.05,56.05,52.72,52.86,1.7100000000000009,,
2022-04-26,53.6,54.13,47.71,53.57,0.7100000000000009,,
2022-04-27,55.8,57,52.57,53.38,-0.18999999999999773,,
2022-04-28,53.38,54.75,50.91,51.94,-1.4400000000000048,,
2022-04-29,54.68,54.72,51.71,53.1,1.1600000000000037,,
2022-05-02,56.98,57.03,53.13,54.15,1.0499999999999972,,
2022-05-03,55.85,56.31,53.84,54.04,-0.10999999999999943,,
2022-05-04,54.04,56.8,52.51,53.15,-0.8900000000000006,,
2022-05-05,54.16,55.17,50.57,54.72,1.5700000000000003,,
2022-05-06,54.72,57.33,54.72,54.82,0.10000000000000142,,
2022-05-09,57.9,58.58,55.93,57.9,3.0799999999999983,,
2022-05-10,57.9,58.62,55.92,56.06,-1.8399999999999963,,
2022-05-11,57.4,57.41,52.06,53.43,-2.6300000000000026,,
2022-05-12,53.43,55.46,52.2,52.71,-0.7199999999999989,,
2022-05-13,52.77,53.88,51.09,51.22,-1.490000000000002,,
2022-05-16,56.21,56.48,51.22,51.89,0.6700000000000017,,
2022-05-17,54.71,54.71,49.85,50.34,-1.5499999999999972,,
2022-05-18,50.34,52.48,50.34,51.89,1.5499999999999972,,
2022-05-19,53.64,54.73,50.39,51.16,-0.730000000000004,,
2022-05-20,51.16,51.88,50.01,50.72,-0.4399999999999977,,
2022-05-23,53.52,53.57,48.33,48.63,-2.0899999999999963,,
2022-05-24,48.63,50.56,42.78,47.04,-1.5900000000000034,,
2022-05-25,50.24,50.25,46.29,46.76,-0.28000000000000114,,
2022-05-26,46.76,48.12,45.28,46.03,-0.7299999999999969,,
2022-05-27,46.03,49.94,46.03,47.92,1.8900000000000006,,
2022-05-31,51.77,51.94,47.66,49.82,1.8999999999999986,,
2022-06-01,51.44,51.69,48.82,49.14,-0.6799999999999997,,
2022-06-02,50.77,51.26,46.81,47.8,-1.3400000000000034,,
2022-06-03,47.8,50.5,45.6,46.23,-1.5700000000000003,,
2022-06-06,51.3,51.49,47.9,47.9,1.6700000000000017,,
2022-06-07,51.3,51.44,45.67,45.88,-2.019999999999996,,
2022-06-08,49.48,49.51,44.37,44.37,-1.5100000000000051,,
2022-06-09,47.5,47.5,43.02,43.87,-0.5,,
2022-06-10,49.37,49.37,42.86,42.92,-0.9499999999999957,,
2022-06-13,55.84,55.84,46.65,47.56,4.640000000000001,,
2022-06-14,50.94,50.94,46.63,46.63,-0.9299999999999997,,
2022-06-15,55.02,55.02,45.52,47.04,0.4099999999999966,,
2022-06-16,52.67,52.67,46.05,46.27,-0.769999999999996,,
2022-06-17,54.9,54.9,44.57,49.19,2.9199999999999946,,
2022-06-21,53.49,53.49,46.56,46.56,-2.6299999999999955,,
2022-06-22,54.43,55.81,47.28,48.99,2.4299999999999997,,
2022-06-23,54.09,54.09,48.06,48.58,-0.4100000000000037,,
2022-06-24,53.54,53.54,46.81,46.99,-1.5899999999999963,,
2022-06-27,52.15,52.15,46.76,46.99,0,,
2022-06-28,50.52,50.6,46.33,46.59,-0.3999999999999986,,
2022-06-29,49.23,49.23,47.19,48.57,1.9799999999999969,,
2022-06-30,50.78,50.78,48.58,48.9,0.3299999999999983,,
2022-07-01,51.25,51.31,48.84,49.4,0.5,,
2022-07-05,54.85,56.46,52.61,52.61,3.210000000000001,,
2022-07-06,52.97,55.22,52.62,54.67,2.0600000000000023,,
2022-07-07,53.23,55.4,52.79,52.87,-1.8000000000000043,,
2022-07-08,53.73,54,51.64,52.1,-0.769999999999996,,
2022-07-11,53.43,55.86,52.23,53.1,1,,
2022-07-12,52.97,54.49,51.06,54.4,1.2999999999999972,,
2022-07-13,53.14,54.52,51.5,51.76,-2.6400000000000006,,
2022-07-14,52.27,55.7,52.12,53.03,1.2700000000000031,,
2022-07-15,53.8,54.05,51.16,51.77,-1.259999999999998,,
2022-07-18,50.36,50.6,48.81,49.66,-2.1100000000000065,,
2022-07-19,49.33,49.55,48.21,48.77,-0.8899999999999935,,
2022-07-20,48.27,49.08,47.43,47.54,-1.230000000000004,,
2022-07-21,51.85,52.96,50.8,51.1,3.5600000000000023,,
2022-07-22,49.14,49.14,47.27,47.84,-3.259999999999998,,
2022-07-25,48.88,48.88,46.96,47.96,0.11999999999999744,,
2022-07-26,46.92,48.31,46.92,47.81,-0.14999999999999858,,
2022-07-27,47.15,52.9,46.96,48.99,1.1799999999999997,,
2022-07-28,47.77,52.73,46.82,47.17,-1.8200000000000003,,
2022-07-29,46.58,47.44,45.37,46.19,-0.980000000000004,,
2022-08-01,50.69,51.5,49.85,49.97,3.780000000000001,,
2022-08-02,53.75,55.65,52.08,52.77,2.8000000000000043,,
2022-08-03,52.69,53.87,49.69,50.12,-2.6500000000000057,,
2022-08-04,53.08,55.32,51.06,55.14,5.020000000000003,,
2022-08-05,53.91,53.94,48.47,48.76,-6.380000000000003,,
2022-08-08,50.22,50.25,46.4,46.4,-2.3599999999999994,,
2022-08-09,50.6,50.6,46.12,46.23,-0.1700000000000017,,
2022-08-10,46.27,48.17,46.27,46.56,0.3300000000000054,,
2022-08-11,46.51,46.9,44.47,45.37,-1.1900000000000048,,
2022-08-12,44.83,45.21,43.32,44,-1.3699999999999974,,
2022-08-15,54.59,54.74,44.99,46.63,2.6300000000000026,,
2022-08-16,51.2,51.7,48.23,50.25,3.6199999999999974,,
2022-08-17,52.32,56.53,50.49,51.55,1.2999999999999972,,
2022-08-18,51.68,51.68,47.36,47.41,-4.140000000000001,,
2022-08-19,52.53,52.53,48.72,50.34,2.930000000000007,,
2022-08-22,53.73,55.13,50.51,50.64,0.29999999999999716,,
2022-08-23,53.89,54.21,46.99,47.35,-3.289999999999999,,
2022-08-24,51.86,51.86,47.17,48.33,0.9799999999999969,,
2022-08-25,50.96,50.96,47.25,48.78,0.45000000000000284,,
2022-08-26,48.62,49.22,46.69,47.08,-1.7000000000000028,,
2022-08-29,45.1,52.97,44.94,47.73,0.6499999999999986,,
2022-08-30,51.45,51.45,48.73,49.74,2.010000000000005,,
2022-08-31,52,52.57,51.06,52.11,2.3699999999999974,,
2022-09-01,53.14,53.98,52.71,53.9,1.7899999999999991,,
2022-09-02,54.45,54.58,52.85,53.9,0,,
2022-09-06,55.27,55.27,49.54,50,-3.8999999999999986,,
2022-09-07,51.92,53.72,51.63,53.32,3.3200000000000003,,
2022-09-08,52.2,52.69,50.7,51.29,-2.030000000000001,,
2022-09-09,51.14,51.2,48.65,48.84,-2.4499999999999957,,
2022-09-12,41.7,44.91,41.66,44.15,-4.690000000000005,,
2022-09-13,43.68,46.54,39.76,44.81,0.6600000000000037,,
2022-09-14,43.19,46.19,42.74,45.62,0.8099999999999952,,
2022-09-15,50.16,50.16,40.67,46.63,1.0100000000000051,,
2022-09-16,45.66,48.99,45.59,47.44,0.8099999999999952,,
2022-09-19,49.03,49.26,46.26,46.75,-0.6899999999999977,,
2022-09-20,46.89,49.3,45.64,48.23,1.4799999999999969,,
2022-09-21,49.2,49.69,48,48.65,0.4200000000000017,,
2022-09-22,48.73,48.77,47,47.1,-1.5499999999999972,,
2022-09-23,49.86,51.12,49.57,50.82,3.719999999999999,,
2022-09-26,53.32,56.73,52.87,56.67,5.850000000000001,,
2022-09-27,56.45,56.61,55.49,55.89,-0.7800000000000011,,
2022-09-28,56.41,56.78,54.84,55.02,-0.8699999999999974,,
2022-09-29,55.52,55.84,54.14,54.41,-0.6100000000000065,,
2022-09-30,56.33,56.56,54.66,55.69,1.2800000000000011,,
2022-10-03,60.24,60.47,55.36,56.24,0.5500000000000043,,
2022-10-04,58.42,59.51,55.08,59.51,3.269999999999996,,
2022-10-05,58.54,58.59,53.99,54.2,-5.309999999999995,,
2022-10-06,56.37,56.42,53.13,53.39,-0.8100000000000023,,
2022-10-07,54.42,56.27,53.54,53.64,0.25,,
2022-10-10,50.79,54.66,50.73,51.42,-2.219999999999999,,
2022-10-11,54.48,54.62,51.01,51.92,0.5,,
2022-10-12,53.67,55.11,50.44,51.52,-0.3999999999999986,,
2022-10-13,59.4,59.4,49.59,50.52,-1,,
2022-10-14,53.9,53.9,50.16,50.3,-0.22000000000000597,,
2022-10-17,56.52,56.52,49.76,50.27,-0.02999999999999403,,
2022-10-18,53.63,53.63,48.66,49.12,-1.1500000000000057,,
2022-10-19,52.25,52.25,47.48,47.78,-1.3399999999999963,,
2022-10-20,50.46,51.16,47.94,47.98,0.19999999999999574,,
2022-10-21,50.45,50.45,46.47,47.19,-0.7899999999999991,,
2022-10-24,47.65,51.02,47.46,47.78,0.5900000000000034,,
2022-10-25,47.16,47.77,46.59,47.3,-0.480000000000004,,
2022-10-26,46.91,48.64,46.58,48.58,1.2800000000000011,,
2022-10-27,48.05,51.12,47.79,49.02,0.44000000000000483,,
2022-10-28,48.92,51.99,47.62,47.81,-1.2100000000000009,,
2022-10-31,49.77,49.77,47.29,47.41,-0.4000000000000057,,
2022-11-01,47.8,48.18,46.18,47.04,-0.36999999999999744,,
2022-11-02,47.1,50.89,47.03,47.75,0.7100000000000009,,
2022-11-03,47.8,48.1,46.47,46.47,-1.2800000000000011,,
2022-11-04,46.77,47.63,45.93,47.5,1.0300000000000011,,
2022-11-07,45.88,48.26,45.07,45.11,-2.3900000000000006,,
2022-11-08,45.76,46.34,43.94,45.04,-0.07000000000000028,,
2022-11-09,45.77,45.8,44.2,45.38,0.3400000000000034,,
2022-11-10,45.97,45.97,43.19,43.48,-1.9000000000000057,,
2022-11-11,44.65,44.81,41.74,42.06,-1.4199999999999946,,
2022-11-14,45.27,45.27,42.25,44.42,2.3599999999999994,,
2022-11-15,47.52,47.53,44.38,46.72,2.299999999999997,,
2022-11-16,46.83,46.85,44.82,45.12,-1.6000000000000014,,
2022-11-17,45.77,46.26,44.6,45.34,0.22000000000000597,,
2022-11-18,46.44,47.71,45.63,45.93,0.5899999999999963,,
2022-11-21,47.54,53.49,47.1,47.11,1.1799999999999997,,
2022-11-22,46.78,46.91,45.54,46.3,-0.8100000000000023,,
2022-11-23,47.35,51.56,47.32,51.56,5.260000000000005,,
2022-11-25,51.87,52.81,49.7,50.16,-1.4000000000000057,,
2022-11-28,53.39,53.44,50.08,50.53,0.37000000000000455,,
2022-11-29,49.81,49.88,47.56,47.91,-2.6200000000000045,,
2022-11-30,49.87,49.87,46.03,46.15,-1.759999999999998,,
2022-12-01,50.03,50.03,45.17,45.61,-0.5399999999999991,,
2022-12-02,46.05,46.16,45.15,45.76,0.14999999999999858,,
2022-12-05,47.41,47.56,44.71,45.41,-0.3500000000000014,,
2022-12-06,45.85,47.3,44.29,46.36,0.9500000000000028,,
2022-12-07,45.92,48.25,45.41,47.91,1.5499999999999972,,
2022-12-08,46.41,48.01,45.92,47.17,-0.7399999999999949,,
2022-12-09,47.22,47.67,46.16,46.93,-0.240000000000002,,
2022-12-12,45.66,46.43,44.58,44.99,-1.9399999999999977,,
2022-12-13,44.85,45.38,42.53,43.37,-1.6200000000000045,,
2022-12-14,43.02,43.73,41.44,41.82,-1.5499999999999972,,
2022-12-15,44.73,44.99,43.46,43.7,1.8800000000000026,,
2022-12-16,45.29,45.29,42.02,42.29,-1.4100000000000037,,
2022-12-19,44.86,45.55,42.34,42.47,0.17999999999999972,,
2022-12-20,43.87,44.04,41.33,41.79,-0.6799999999999997,,
2022-12-21,43.15,43.9,41,41.18,-0.6099999999999994,,
2022-12-22,42.18,42.57,41.17,41.8,0.6199999999999974,,
2022-12-23,43.87,43.91,41.1,41.21,-0.5899999999999963,,
2022-12-27,44.7,44.9,42.9,43.5,2.289999999999999,,
2022-12-28,42.58,44.78,42.58,43.95,0.45000000000000284,,
2022-12-29,45.16,45.16,42.03,42.6,-1.3500000000000014,,
2022-12-30,42.96,43.39,41.2,41.26,-1.3400000000000034,,
2023-01-03,42.74,44.73,42.74,44.14,2.8800000000000026,,
2023-01-04,45.87,46.18,44.5,45.83,1.6899999999999977,,
2023-01-05,46.88,46.88,43.68,43.93,-1.8999999999999986,,
2023-01-06,44.9,45.52,42.75,42.94,-0.990000000000002,,
2023-01-09,43.97,44.98,42.25,42.75,-0.18999999999999773,,
2023-01-10,42.39,42.39,41.39,41.6,-1.1499999999999986,,
2023-01-11,41.86,42.22,40.79,41.19,-0.4100000000000037,,
2023-01-12,40.59,40.62,39.13,39.28,-1.9099999999999966,,
2023-01-13,38.85,39.1,37.48,38.19,-1.0900000000000034,,
2023-01-17,40.11,40.78,39.09,40.1,1.9100000000000037,,
2023-01-18,40.52,40.52,38.59,39.25,-0.8500000000000014,,
2023-01-19,41.83,41.83,38.9,39.02,-0.22999999999999687,,
2023-01-20,40.09,40.09,37.53,37.81,-1.2100000000000009,,
2023-01-23,40.5,40.5,37.08,37.3,-0.5100000000000051,,
2023-01-24,38.32,38.75,37.5,38.26,0.9600000000000009,,
2023-01-25,39.88,39.9,38.26,38.54,0.28000000000000114,,
2023-01-26,38.96,39.01,37.61,38.12,-0.4200000000000017,,
2023-01-27,38.89,38.92,36.9,38.6,0.480000000000004,,
2023-01-30,39.76,40.81,39.76,40.18,1.5799999999999983,,
2023-01-31,40.3,40.99,38.55,38.55,-1.6300000000000026,,
2023-02-01,37.53,39.16,37.18,37.99,-0.5599999999999952,,
2023-02-02,39.01,39.18,38.01,38.49,0.5,,
2023-02-03,39.37,40.11,37.54,39.48,0.9899999999999949,,
2023-02-06,40.05,40.1,38.87,38.92,-0.5599999999999952,,
2023-02-07,38.95,39.72,37.22,37.31,-1.6099999999999994,,
2023-02-08,36.31,37.1,35.79,37.02,-0.28999999999999915,,
2023-02-09,35.24,36.77,35.06,35.75,-1.2700000000000031,,
2023-02-10,35.87,36.1,34.97,35.89,0.14000000000000057,,
2023-02-13,36.06,37.82,35.23,37.77,1.8800000000000026,,
2023-02-14,39.03,39.03,36.54,36.67,-1.1000000000000014,,
2023-02-15,37.4,38.19,35.42,35.7,-0.9699999999999989,,
2023-02-16,36.43,36.48,34.68,35.03,-0.6700000000000017,,
2023-02-17,36.08,38.58,35.95,36.04,1.009999999999998,,
2023-02-21,37.85,38.05,36.92,37.05,1.009999999999998,,
2023-02-22,37.56,38.62,37.41,38.36,1.3100000000000023,,
2023-02-23,39.4,39.45,36.67,36.69,-1.6700000000000017,,
2023-02-24,37.55,38.62,36.99,37.25,0.5600000000000023,,
2023-02-27,39.7,39.7,37.45,37.55,0.29999999999999716,,
2023-02-28,38.15,38.36,35.38,35.42,-2.1299999999999955,,
2023-03-01,36.58,37.95,36.34,36.63,1.2100000000000009,,
2023-03-02,37.25,39.12,35.59,35.61,-1.0200000000000031,,
2023-03-03,37.21,38.51,35.2,35.2,-0.4099999999999966,,
2023-03-06,35.92,36.56,33.01,33.03,-2.1700000000000017,,
2023-03-07,32.83,33.82,32.25,33.76,0.7299999999999969,,
2023-03-08,33.87,34.54,33.35,33.39,-0.36999999999999744,,
2023-03-09,32.81,34.92,31.96,34.87,1.4799999999999969,,
2023-03-10,36.12,36.98,35.42,36.76,1.8900000000000006,,
2023-03-13,40.03,46.18,34.33,38.13,1.3700000000000045,,
2023-03-14,42.03,47.68,35.69,47.41,9.279999999999994,,
2023-03-15,54.15,57.8,45.4,49.78,2.3700000000000045,,
2023-03-16,49.02,54.1,48.39,48.65,-1.1300000000000026,,
2023-03-17,47.92,54.19,47.08,51.48,2.8299999999999983,,
2023-03-20,51.84,52.55,50.46,51.14,-0.3399999999999963,,
2023-03-21,51.17,51.17,46.45,48.12,-3.020000000000003,,
2023-03-22,47.52,47.79,45.18,46.97,-1.1499999999999986,,
2023-03-23,47.38,47.55,44.92,46.9,-0.07000000000000028,,
2023-03-24,53.47,53.47,48.28,48.36,1.4600000000000009,,
2023-03-27,48.34,48.34,45.36,45.41,-2.950000000000003,,
2023-03-28,47.06,47.29,44.3,44.31,-1.0999999999999943,,
2023-03-29,50.1,50.1,43.19,43.33,-0.980000000000004,,
2023-03-30,45.78,45.84,42.02,42.02,-1.3099999999999952,,
2023-03-31,43.33,43.38,40.34,40.34,-1.6799999999999997,,
2023-04-03,43.16,43.16,38.45,39.49,-0.8500000000000014,,
2023-04-04,37.99,40.04,37.44,39.42,-0.07000000000000028,,
2023-04-05,39.35,40.41,38.56,39.14,-0.28000000000000114,,
2023-04-06,38.49,38.49,34.42,34.76,-4.380000000000003,,
2023-04-10,37.57,37.61,34.29,34.31,-0.44999999999999574,,
2023-04-11,38.43,38.88,33.88,34.23,-0.0800000000000054,,
2023-04-12,34.13,34.43,33.31,33.74,-0.4899999999999949,,
2023-04-13,34.65,34.65,32.62,32.78,-0.9600000000000009,,
2023-04-14,34.07,34.07,31.83,32.51,-0.2700000000000031,,
2023-04-17,34.85,34.86,32.52,32.93,0.4200000000000017,,
2023-04-18,34.68,34.75,32.92,33.69,0.759999999999998,,
2023-04-19,36.19,36.2,34.14,34.44,0.75,,
2023-04-20,36.44,37.55,36.09,36.41,1.9699999999999989,,
2023-04-21,35.06,36.24,34.93,35.17,-1.2399999999999949,,
2023-04-24,36.14,36.51,34.24,34.28,-0.8900000000000006,,
2023-04-25,33.85,36.69,33.76,36.64,2.3599999999999994,,
2023-04-26,36.96,39.26,36.01,39.25,2.6099999999999994,,
2023-04-27,40.67,40.67,37.62,37.76,-1.490000000000002,,
2023-04-28,38.27,38.27,35.58,35.63,-2.1299999999999955,,
2023-05-01,37.12,37.26,35.86,35.94,0.30999999999999517,,
2023-05-02,36.9,40.76,36.63,39.48,3.539999999999999,,
2023-05-03,42.1,44.44,41.28,43.23,3.75,,
2023-05-04,43.15,44.61,42.71,43.75,0.5200000000000031,,
2023-05-05,41.27,42.69,37.02,37.35,-6.399999999999999,,
2023-05-08,36,37.28,35.5,35.54,-1.8100000000000023,,
2023-05-09,34.59,36.79,34.59,35.13,-0.4099999999999966,,
2023-05-10,34.64,35.74,33.68,34.13,-1,,
2023-05-11,34.4,36.15,34.4,35.74,1.6099999999999994,,
2023-05-12,36.99,37.32,35.3,37.32,1.5799999999999983,,
2023-05-15,37.7,37.78,35.02,35.16,-2.1600000000000037,,
2023-05-16,37.75,37.75,35.28,35.98,0.8200000000000003,,
2023-05-17,35.67,37.43,35.67,36.44,0.46000000000000085,,
2023-05-18,36.34,37.05,35.89,36.02,-0.4199999999999946,,
2023-05-19,34.64,36.83,34.64,35.85,-0.1700000000000017,,
2023-05-22,36.93,37.69,34.85,35.52,-0.3299999999999983,,
2023-05-23,35.4,35.49,34.52,35.11,-0.4100000000000037,,
2023-05-24,35.42,36.17,35.01,35.86,0.75,,
2023-05-25,37.29,37.6,36.39,36.74,0.8800000000000026,,
2023-05-26,37.21,37.21,35.52,35.95,-0.7899999999999991,,
2023-05-30,39.69,40.02,39,39.68,3.729999999999997,,
2023-05-31,41.14,41.74,40.48,40.68,1,,
2023-06-01,42.05,42.05,40.03,40.5,-0.17999999999999972,,
2023-06-02,39.64,41.47,38.89,39.6,-0.8999999999999986,,
2023-06-05,42.33,42.33,37.05,37.45,-2.1499999999999986,,
2023-06-06,38.58,38.58,35.7,36.07,-1.3800000000000026,,
2023-06-07,35.35,35.84,34.07,34.13,-1.9399999999999977,,
2023-06-08,36.83,36.83,33.92,35.18,1.0499999999999972,,
2023-06-09,34.2,34.73,33.16,33.7,-1.4799999999999969,,
2023-06-12,33.27,36.78,32.42,36.35,2.6499999999999986,,
2023-06-13,34.92,36.3,31.66,32.38,-3.969999999999999,,
2023-06-14,32.14,38.3,32.14,33.66,1.279999999999994,,
2023-06-15,36.23,36.23,32.08,33.07,-0.5899999999999963,,
2023-06-16,35.17,35.17,31.78,32.99,-0.0799999999999983,,
2023-06-20,34.32,35.15,33.62,34.75,1.759999999999998,,
2023-06-21,36.71,36.71,32.81,33.26,-1.490000000000002,,
2023-06-22,36.86,37.45,34.43,34.93,1.6700000000000017,,
2023-06-23,38.12,38.12,35.1,35.36,0.4299999999999997,,
2023-06-26,38.69,38.69,36.56,36.67,1.3100000000000023,,
2023-06-27,39.65,39.67,37.53,39.3,2.6299999999999955,,
2023-06-28,38.95,40.1,36.8,36.86,-2.4399999999999977,,
2023-06-29,38.49,39.11,35.39,35.42,-1.4399999999999977,,
2023-06-30,39.4,39.4,33.25,33.28,-2.1400000000000006,,
2023-07-03,35.01,35.01,32.92,33.88,0.6000000000000014,,
2023-07-05,34.68,34.86,33.62,33.91,0.02999999999999403,,
2023-07-06,34.11,36.26,32.91,35.13,1.220000000000006,,
2023-07-07,34.41,37.55,31.79,34.55,-0.5800000000000054,,
2023-07-10,34.57,38.67,32.48,38.35,3.8000000000000043,,
2023-07-11,39.85,39.85,32.23,32.43,-5.920000000000002,,
2023-07-12,34.71,34.83,32.66,32.69,0.259999999999998,,
2023-07-13,32.3,32.3,29.71,30.04,-2.6499999999999986,,
2023-07-14,30.16,30.48,29.39,30,-0.03999999999999915,,
2023-07-17,32.25,33.38,30.89,31.34,1.3399999999999999,,
2023-07-18,30.71,31.54,30.24,30.66,-0.6799999999999997,,
2023-07-19,30.8,31.81,29.9,31.06,0.3999999999999986,,
2023-07-20,31.68,31.68,30,30.15,-0.9100000000000001,,
2023-07-21,31.21,31.4,29.48,29.65,-0.5,,
2023-07-24,31.45,31.45,30.05,30.11,0.46000000000000085,,
2023-07-25,30.93,32.29,30.41,30.63,0.5199999999999996,,
2023-07-26,29.89,31.86,29.89,29.97,-0.6600000000000001,,
2023-07-27,29.42,30.24,28.52,29.12,-0.8499999999999979,,
2023-07-28,27.8,29.71,27.79,29.41,0.28999999999999915,,
2023-07-31,29.06,29.26,28.43,28.48,-0.9299999999999997,,
2023-08-01,27.72,28.83,27.72,28.35,-0.129999999999999,,
2023-08-02,27.5,29.58,27.45,28.74,0.389999999999997,,
2023-08-03,28.78,29.19,28.26,28.54,-0.1999999999999993,,
2023-08-04,27.57,28.72,27.53,28.06,-0.4800000000000004,,
2023-08-07,28.34,28.66,27.3,27.73,-0.3299999999999983,,
2023-08-08,28.38,29.39,27.1,27.14,-0.5899999999999999,,
2023-08-09,27.42,29.14,26.44,28.56,1.4199999999999982,,
2023-08-10,28.03,28.03,26.82,27.27,-1.2899999999999991,,
2023-08-11,27.81,28.23,27.09,28.04,0.7699999999999996,,
2023-08-14,28.07,28.51,26.7,27.55,-0.48999999999999844,,
2023-08-15,27.58,29.53,27.55,28.3,0.75,,
2023-08-16,29.73,29.78,27.55,28.54,0.23999999999999844,,
2023-08-17,29.21,29.67,28.63,29.3,0.7600000000000016,,
2023-08-18,30.42,30.43,28.38,28.43,-0.870000000000001,,
2023-08-21,29.7,29.93,28.75,28.9,0.46999999999999886,,
2023-08-22,29.27,29.37,28.13,28.56,-0.33999999999999986,,
2023-08-23,29.19,30.81,28.08,28.47,-0.08999999999999986,,
2023-08-24,29.1,29.79,28.39,28.88,0.41000000000000014,,
2023-08-25,27.31,28.95,27.31,28.81,-0.07000000000000028,,
2023-08-28,27.62,29.28,27.62,28.66,-0.14999999999999858,,
2023-08-29,29.06,29.36,27.53,27.63,-1.0300000000000011,,
2023-08-30,27.15,28.17,25.58,26.63,-1,,
2023-08-31,27.13,28.06,26.18,26.56,-0.07000000000000028,,
2023-09-01,27.45,27.58,26.07,27.48,0.9200000000000017,,
2023-09-05,31.76,31.95,27.46,28.65,1.1699999999999982,,
2023-09-06,29.61,29.64,28.06,28.33,-0.3200000000000003,,
2023-09-07,29.9,30.27,27.47,27.59,-0.7399999999999984,,
2023-09-08,28.75,28.75,27.11,27.16,-0.4299999999999997,,
2023-09-11,27.03,27.22,24.01,24.37,-2.789999999999999,,
2023-09-12,26.96,26.96,23.78,24.23,-0.14000000000000057,,
2023-09-13,24.35,26.43,24.35,25.06,0.8299999999999983,,
2023-09-14,27.2,27.91,25.52,26.56,1.5,,
2023-09-15,25.97,27.57,25.48,27.16,0.6000000000000014,,
2023-09-18,27.89,28.08,26.64,27.91,0.75,,
2023-09-19,26.61,30.57,26.61,30.32,2.41,,
2023-09-20,30.89,31.88,28.83,30.38,0.05999999999999872,,
2023-09-21,29.91,31.95,29.91,31.35,0.9700000000000024,,
2023-09-22,32.31,32.31,30.07,30.61,-0.740000000000002,,
2023-09-25,30.5,31.48,30.5,30.96,0.3500000000000014,,
2023-09-26,30.38,32.42,29.77,31.3,0.33999999999999986,,
2023-09-27,30.38,32.52,29.76,32.48,1.1799999999999962,,
2023-09-28,32.08,32.08,30.74,31.62,-0.8599999999999959,,
2023-09-29,31.96,32.58,30.59,32.24,0.620000000000001,,
2023-10-02,31.08,33.83,31.08,32,-0.240000000000002,,
2023-10-03,31.58,33.52,31.57,33.25,1.25,,
2023-10-04,32.92,35.78,32.92,35.35,2.1000000000000014,,
2023-10-05,34.16,37.14,34.16,36.59,1.240000000000002,,
2023-10-06,35.77,36.52,35.31,35.68,-0.9100000000000037,,
2023-10-09,37.19,39.85,37.15,39.85,4.170000000000002,,
2023-10-10,41.87,42.09,38.66,39.54,-0.3100000000000023,,
2023-10-11,37.92,40.1,37.92,38.94,-0.6000000000000014,,
2023-10-12,38.68,38.88,37.5,38.52,-0.4199999999999946,,
2023-10-13,42.6,44.48,40.31,44.24,5.719999999999999,,
2023-10-16,44.14,44.14,40.69,40.7,-3.539999999999999,,
2023-10-17,40.69,41.76,40.3,41.37,0.6699999999999946,,
2023-10-18,43.94,44.83,42.12,44.4,3.030000000000001,,
2023-10-19,43.55,45.73,41.54,45.7,1.3000000000000043,,
2023-10-20,47.99,47.99,43.57,43.79,-1.9100000000000037,,
2023-10-23,43.84,44.01,40.2,41.74,-2.049999999999997,,
2023-10-24,41.58,41.62,40.16,41.08,-0.6600000000000037,,
2023-10-25,39.98,44.91,39.8,44.91,3.8299999999999983,,
2023-10-26,42.63,44.84,42.63,43.93,-0.9799999999999969,,
2023-10-27,44.01,46.68,42.4,46.64,2.710000000000001,,
2023-10-30,45.33,45.54,43.41,44.01,-2.6300000000000026,,
2023-10-31,41.4,43.64,41.38,41.99,-2.019999999999996,,
2023-11-01,40.27,41.89,39.99,40.52,-1.4699999999999989,,
2023-11-02,37.8,39.85,37.8,39.79,-0.730000000000004,,
2023-11-03,39.78,40.72,38.13,38.53,-1.259999999999998,,
2023-11-06,39.93,39.93,35.92,36.31,-2.219999999999999,,
2023-11-07,36.09,38.95,36.09,38.72,2.4099999999999966,,
2023-11-08,38.78,41,38.33,40.44,1.7199999999999989,,
2023-11-09,41.03,41.32,39.36,41.23,0.7899999999999991,,
2023-11-10,41.96,41.96,39.27,39.29,-1.9399999999999977,,
2023-11-13,41.31,41.31,39,39.4,0.10999999999999943,,
2023-11-14,43.25,43.25,38.02,38.29,-1.1099999999999994,,
2023-11-15,39.32,39.67,38.07,39.51,1.2199999999999989,,
2023-11-16,40.32,43.03,39.92,42.53,3.020000000000003,,
2023-11-17,42.26,42.26,39.81,40.43,-2.1000000000000014,,
2023-11-20,41.55,41.55,38.69,39,-1.4299999999999997,,
2023-11-21,40.39,40.39,38.26,38.52,-0.4799999999999969,,
2023-11-22,42.49,45.81,41.12,42.76,4.239999999999995,,
2023-11-24,43.95,43.95,41.48,43.38,0.6200000000000045,,
2023-11-27,45.02,45.02,42.38,43.9,0.519999999999996,,
2023-11-28,43.93,43.93,41.61,43.14,-0.759999999999998,,
2023-11-29,42.63,46.1,41.5,42.9,-0.240000000000002,,
2023-11-30,41.28,42.22,38.18,39.4,-3.5,,
2023-12-01,37.93,37.93,34.86,35.7,-3.6999999999999957,,
2023-12-04,37.91,39.5,37.18,38.08,2.3799999999999955,,
2023-12-05,39.08,39.08,36.09,36.36,-1.7199999999999989,,
2023-12-06,39.57,40.19,36.96,39.72,3.3599999999999994,,
2023-12-07,38.69,38.78,37.23,37.82,-1.8999999999999986,,
2023-12-08,38.67,38.67,36.16,36.24,-1.5799999999999983,,
2023-12-11,38.3,38.3,34.61,35.3,-0.9400000000000048,,
2023-12-12,37.73,38.69,35.98,36.38,1.0800000000000054,,
2023-12-13,36.8,40.3,33.47,36.6,0.21999999999999886,,
2023-12-14,37.67,37.67,33.73,33.98,-2.6200000000000045,,
2023-12-15,40.28,40.28,34.93,35.13,1.1500000000000057,,
2023-12-18,38.5,38.69,36.39,37.09,1.9600000000000009,,
2023-12-19,38.46,38.46,34.83,35.04,-2.0500000000000043,,
2023-12-20,37.96,37.96,34.51,34.98,-0.060000000000002274,,
2023-12-21,43.3,43.3,34.84,35.44,0.46000000000000085,,
2023-12-22,37.14,37.14,32.84,33.32,-2.1199999999999974,,
2023-12-26,37.9,37.9,33.73,34.53,1.2100000000000009,,
2023-12-27,37.37,37.37,34.66,35.41,0.8799999999999955,,
2023-12-28,36.28,36.5,34.67,36.45,1.0400000000000063,,
2023-12-29,37.33,37.33,35.2,36.22,-0.23000000000000398,,
2024-01-02,38.81,39.1,37.21,39.05,2.8299999999999983,,
2024-01-03,39.85,39.92,37.99,38.22,-0.8299999999999983,,
2024-01-04,38.79,39.23,37.42,37.58,-0.6400000000000006,,
2024-01-05,38.44,39.54,36.06,36.07,-1.509999999999998,,
2024-01-08,37.71,38.59,36.77,36.79,0.7199999999999989,,
2024-01-09,37.03,37.28,35.57,36.09,-0.6999999999999957,,
2024-01-10,38.01,38.01,35.54,36.35,0.259999999999998,,
2024-01-11,38.28,38.28,35.21,36.78,0.4299999999999997,,
2024-01-12,40.38,40.93,36.37,40.64,3.8599999999999994,,
2024-01-16,40.69,40.73,36.71,38.34,-2.299999999999997,,
2024-01-17,39.39,39.39,36.92,37.06,-1.2800000000000011,,
2024-01-18,39.87,39.87,35.53,35.98,-1.0800000000000054,,
2024-01-19,36.13,36.21,34.58,35.79,-0.18999999999999773,,
2024-01-22,35.27,36.43,34.77,35.71,-0.0799999999999983,,
2024-01-23,37.21,37.21,34.62,34.99,-0.7199999999999989,,
2024-01-24,35.53,35.53,33.92,33.99,-1,,
2024-01-25,35.18,35.99,33.78,35.1,1.1099999999999994,,
2024-01-26,37.31,37.31,33.84,34.78,-0.3200000000000003,,
2024-01-29,37.38,37.43,36.08,36.32,1.5399999999999991,,
2024-01-30,38.93,38.93,35.96,36.19,-0.13000000000000256,,
2024-01-31,37.34,38.22,36.44,37.25,1.0600000000000023,,
2024-02-01,37.5,37.5,34.81,35.38,-1.8699999999999974,,
2024-02-02,37.79,37.79,34.6,34.85,-0.5300000000000011,,
2024-02-05,37.45,37.76,34.25,34.43,-0.4200000000000017,,
2024-02-06,37.22,37.22,33.01,33.01,-1.4200000000000017,,
2024-02-07,35.55,35.55,31.21,31.21,-1.7999999999999972,,
2024-02-08,33.28,33.28,30.65,31.64,0.4299999999999997,,
2024-02-09,33.66,33.66,31.66,32.44,0.7999999999999972,,
2024-02-12,35.01,35.01,32.56,32.69,0.25,,
2024-02-13,34.54,34.54,32.18,32.37,-0.3200000000000003,,
2024-02-14,34.05,34.05,31.86,32.76,0.39000000000000057,,
2024-02-15,34.03,34.08,31.87,32.02,-0.7399999999999949,,
2024-02-16,34.08,34.08,30.76,30.84,-1.1800000000000033,,
2024-02-20,32.38,32.78,31.71,31.81,0.9699999999999989,,
2024-02-21,31.81,31.82,30.87,31.05,-0.759999999999998,,
2024-02-22,31.41,31.41,30.51,30.55,-0.5,,
2024-02-23,31.53,31.53,30.86,31.31,0.759999999999998,,
2024-02-26,32.55,32.55,31.59,31.71,0.40000000000000213,,
2024-02-27,31.94,31.96,31.25,31.35,-0.35999999999999943,,
2024-02-28,31.32,33.18,30.84,31.21,-0.14000000000000057,,
2024-02-29,31.95,32.42,31.13,31.5,0.28999999999999915,,
2024-03-01,31.06,31.46,30.89,31.08,-0.4200000000000017,,
2024-03-04,32.99,33.03,30.47,30.47,-0.6099999999999994,,
2024-03-05,32.67,32.67,29.6,30.19,-0.2799999999999976,,
2024-03-06,30.06,32.12,29.46,29.57,-0.620000000000001,,
2024-03-07,30.4,30.42,29.31,29.57,0,,
2024-03-08,29.76,29.92,29.49,29.64,0.07000000000000028,,
2024-03-11,30.83,31.07,28.91,29.11,-0.5300000000000011,,
2024-03-12,29.65,30.09,28.48,29.36,0.25,,
2024-03-13,28.96,29.52,28.78,29.52,0.16000000000000014,,
2024-03-14,33.39,33.39,28.63,31.51,1.990000000000002,,
2024-03-15,31.99,33.2,29.58,29.77,-1.740000000000002,,
2024-03-18,30.46,30.46,29.69,29.81,0.03999999999999915,,
2024-03-19,30.09,30.09,29.22,29.22,-0.5899999999999999,,
2024-03-20,29.96,29.96,28.8,28.82,-0.3999999999999986,,
2024-03-21,30,30.08,27.51,27.53,-1.2899999999999991,,
2024-03-22,27.49,27.49,26.59,26.92,-0.6099999999999994,,
2024-03-25,27.23,27.76,27.16,27.49,0.5699999999999967,,
2024-03-26,27.51,27.75,27.03,27.25,-0.23999999999999844,,
2024-03-27,26.43,26.66,26.05,26.6,-0.6499999999999986,,
2024-03-28,26.53,26.55,25.86,26.27,-0.33000000000000185,,
2024-04-01,27.19,27.73,25.98,27.65,1.379999999999999,,
2024-04-02,27.66,29.28,26.43,29.04,1.3900000000000006,,
2024-04-03,28.83,30.05,28.7,29.08,0.03999999999999915,,
2024-04-04,27.49,35.09,27.49,32.17,3.0900000000000034,,
2024-04-05,33.62,33.72,31.81,32.36,0.18999999999999773,,
2024-04-08,31.19,31.46,30.19,30.57,-1.7899999999999991,,
2024-04-09,29.69,29.79,28.4,28.96,-1.6099999999999994,,
2024-04-10,28.34,31.27,27.64,30.08,1.1199999999999974,,
2024-04-11,30.81,31.27,29.79,31.27,1.1900000000000013,,
2024-04-12,34.92,34.92,31.75,32.19,0.9199999999999982,,
2024-04-15,31.2,37.23,30.81,35.59,3.4000000000000057,,
2024-04-16,33.51,34.08,33.33,33.61,-1.980000000000004,,
2024-04-17,33.64,33.87,32.86,33,-0.6099999999999994,,
2024-04-18,31.86,32.24,31.11,31.4,-1.6000000000000014,,
2024-04-19,31.98,32.47,31.2,31.86,0.46000000000000085,,
2024-04-22,30.54,30.74,29.53,29.7,-2.16,,
2024-04-23,29.7,30.01,26.79,28.86,-0.8399999999999999,,
2024-04-24,29.2,30.9,28.89,29.04,0.17999999999999972,,
2024-04-25,29.04,29.04,27.66,28.34,-0.6999999999999993,,
2024-04-26,28.22,28.6,27.8,27.81,-0.5300000000000011,,
2024-04-29,28.46,28.73,27.31,27.84,0.030000000000001137,,
2024-04-30,27.55,28.68,27.48,27.87,0.030000000000001137,,
2024-05-01,28.27,29.81,26.88,28.7,0.8299999999999983,,
2024-05-02,29.06,30.3,27.25,27.65,-1.0500000000000007,,
2024-05-03,27.26,28.2,25.25,28.09,0.4400000000000013,,
2024-05-06,27.4,29.28,27.4,28.58,0.48999999999999844,,
2024-05-07,31.26,31.26,27.32,27.83,-0.75,,
2024-05-08,28.47,28.9,27.78,27.91,0.08000000000000185,,
2024-05-09,29.8,30.24,27.38,27.95,0.03999999999999915,,
2024-05-10,35.47,35.47,27.46,27.88,-0.07000000000000028,,
2024-05-13,28.35,28.65,27.11,28.04,0.16000000000000014,,
2024-05-14,28.58,29.93,27.92,28.01,-0.029999999999997584,,
2024-05-15,29.14,29.42,27.76,28.07,0.05999999999999872,,
2024-05-16,28.15,29.13,27.08,27.08,-0.990000000000002,,
2024-05-17,27.27,28.19,26.72,28.06,0.9800000000000004,,
2024-05-20,28.04,28.54,27,27.89,-0.16999999999999815,,
2024-05-21,28.5,28.51,26.81,27.38,-0.5100000000000016,,
2024-05-22,28.64,40.01,27.59,27.71,0.33000000000000185,,
2024-05-23,28.89,28.91,27.31,28.66,0.9499999999999993,,
2024-05-24,29.13,29.13,27.1,27.56,-1.1000000000000014,,
2024-05-28,28.77,28.89,27.47,27.53,-0.029999999999997584,,
2024-05-29,25.64,27.74,24.56,26.77,-0.7600000000000016,,
2024-05-30,27.21,29.58,26.71,29.24,2.469999999999999,,
2024-05-31,29.18,30.47,28.63,30.34,1.1000000000000014,,
2024-06-03,30.03,30.92,28.68,30.84,0.5,,
2024-06-04,30.25,33.11,30.06,30.59,-0.25,,
2024-06-05,29.48,30,29.14,29.18,-1.4100000000000001,,
2024-06-06,28.39,28.62,27.55,27.71,-1.4699999999999989,,
2024-06-07,27.95,27.98,25.78,26.42,-1.2899999999999991,,
2024-06-10,27.38,27.38,25.15,25.69,-0.7300000000000004,,
2024-06-11,26.52,26.52,25.11,25.54,-0.15000000000000213,,
2024-06-12,25.04,25.39,24.75,24.8,-0.7399999999999984,,
2024-06-13,24.35,24.47,23.03,24.45,-0.3500000000000014,,
2024-06-14,24.52,25.19,23.7,24.71,0.26000000000000156,,
2024-06-17,24.26,26.02,23.27,24.17,-0.5399999999999991,,
2024-06-18,23.91,23.91,23.13,23.73,-0.4400000000000013,,
2024-06-20,24.19,24.63,23.81,24.23,0.5,,
2024-06-21,24.37,25.02,24.31,24.74,0.509999999999998,,
2024-06-24,25.64,25.7,25.2,25.42,0.6800000000000033,,
2024-06-25,25.32,25.85,25,25.75,0.3299999999999983,,
2024-06-26,24.61,26.43,23.93,26.24,0.48999999999999844,,
2024-06-27,28.21,28.21,26.24,26.28,0.0400000000000027,,
2024-06-28,26.9,27.12,26.16,26.54,0.259999999999998,,
2024-07-01,26.67,27.75,25.66,27.29,0.75,,
2024-07-02,27.06,27.06,25.75,25.82,-1.4699999999999989,,
2024-07-03,24.95,26.13,24.48,24.62,-1.1999999999999993,,
2024-07-04,24.62,24.62,24.62,24.62,0,,
2024-07-05,24.02,25.31,23.72,23.78,-0.8399999999999999,,
2024-07-08,24.25,24.85,23.72,23.81,0.029999999999997584,,
2024-07-09,23.82,24.22,23.72,24.19,0.38000000000000256,,
2024-07-10,23.29,24.36,23.29,24.01,-0.17999999999999972,,
2024-07-11,24.2,24.58,23.71,24.01,0,,
2024-07-12,23.9,24.21,23.04,24.12,0.10999999999999943,,
2024-07-15,24.25,24.67,23.6,23.83,-0.2900000000000027,,
2024-07-16,24.56,24.76,24.05,24.41,0.5800000000000018,,
2024-07-17,24.68,25.28,24.49,25.28,0.870000000000001,,
2024-07-18,24.97,25.77,24.97,25.68,0.3999999999999986,,
2024-07-19,25.39,26.92,25.39,26.83,1.1499999999999986,,
2024-07-22,28.83,28.9,26.69,26.83,0,,
2024-07-23,26.91,28.15,26.14,26.74,-0.08999999999999986,,
2024-07-24,25.96,27.3,25.96,26.85,0.11000000000000298,,
2024-07-25,27.76,30.12,26.37,26.49,-0.360000000000003,,
2024-07-26,28.94,30.67,28.52,29.77,3.280000000000001,,
2024-07-29,29.1,31.43,28.88,30.82,1.0500000000000007,,
2024-07-30,30.72,31.83,30.07,31.49,0.6699999999999982,,
2024-07-31,30.45,34.04,27.54,33.69,2.1999999999999993,,
2024-08-01,33.53,33.53,32.48,33.42,-0.269999999999996,,
2024-08-02,34.03,38.85,34.03,38.83,5.409999999999997,,
2024-08-05,43.69,44.18,40.27,43.63,4.800000000000004,,
2024-08-06,42.03,42.83,39.41,40.42,-3.210000000000001,,
2024-08-07,39.56,39.56,36.23,38.01,-2.4100000000000037,,
2024-08-08,36.32,36.85,34.56,34.77,-3.239999999999995,,
2024-08-09,34.26,34.3,32.85,33.37,-1.4000000000000057,,
2024-08-12,33,36.19,32.82,35.17,1.8000000000000043,,
2024-08-13,33.82,34.26,32.53,33.26,-1.9100000000000037,,
2024-08-14,31.64,31.95,30.77,31.51,-1.7499999999999964,,
2024-08-15,31.63,31.73,30.59,31.14,-0.370000000000001,,
2024-08-16,31.07,31.57,30.74,31,-0.14000000000000057,,
2024-08-19,30.98,32.97,29.08,32.03,1.0300000000000011,,
2024-08-20,32,33.43,31.71,32.05,0.01999999999999602,,
2024-08-21,31.18,32.83,30.49,32.7,0.6500000000000057,,
2024-08-22,32.59,32.59,31.65,31.73,-0.9700000000000024,,
2024-08-23,30.71,31.21,30.46,30.54,-1.1900000000000013,,
2024-08-26,31.6,31.83,30.57,30.99,0.4499999999999993,,
2024-08-27,30.72,33.1,30.57,31.25,0.26000000000000156,,
2024-08-28,31.5,32.29,30.9,32.12,0.8699999999999974,,
2024-08-29,31.87,31.9,31.22,31.81,-0.3099999999999987,,
2024-08-30,32.33,34.19,32.06,33.36,1.5500000000000007,,
2024-09-03,35.16,36.3,34.27,35.36,2,,
2024-09-04,36.82,37.99,35.15,37.95,2.5900000000000034,,
2024-09-05,36.71,38.69,34.86,36.61,-1.3400000000000034,,
2024-09-06,34.92,38.05,33.85,37.58,0.9699999999999989,,
2024-09-09,37.64,38.9,36.82,37,-0.5799999999999983,,
2024-09-10,36.68,41.62,36.51,40.23,3.229999999999997,,
2024-09-11,39.79,40.09,37.42,37.76,-2.469999999999999,,
2024-09-12,38.27,42.51,35.86,36.07,-1.6899999999999977,,
2024-09-13,35.2,35.54,34.2,35.22,-0.8500000000000014,,
2024-09-16,35.46,35.7,33.88,34.71,-0.509999999999998,,
2024-09-17,34.72,35.55,34.13,35.29,0.5799999999999983,,
2024-09-18,35.56,42.22,35.41,36.19,0.8999999999999986,,
2024-09-19,35.05,35.12,33.6,33.72,-2.469999999999999,,
2024-09-20,33.18,33.76,32.22,32.22,-1.5,,
2024-09-23,34.08,36.62,33.43,34.39,2.1700000000000017,,
2024-09-24,33.64,33.77,33.1,33.76,-0.6300000000000026,,
2024-09-25,34.48,34.63,33.26,34.4,0.6400000000000006,,
2024-09-26,38.61,40.44,38.3,39.76,5.359999999999999,,
2024-09-27,40.32,40.44,37.99,39.62,-0.14000000000000057,,
2024-09-30,40.86,41.38,39.31,39.86,0.240000000000002,,
2024-10-01,39.62,45.7,39.43,42.87,3.009999999999998,,
2024-10-02,45.86,47.15,43.71,46.52,3.6500000000000057,,
2024-10-03,48,54.5,47.12,54.5,7.979999999999997,,
2024-10-04,54.35,54.52,44.41,46.37,-8.130000000000003,,
2024-10-07,45.58,49.65,45.58,48.32,1.9500000000000028,,
2024-10-08,46.54,54.4,44.88,52.35,4.030000000000001,,
2024-10-09,47.13,49.11,46.74,48.8,-3.5500000000000043,,
2024-10-10,48.43,53.64,48.36,52.36,3.5600000000000023,,
2024-10-11,52.94,53.34,48.88,52.68,0.3200000000000003,,
2024-10-14,50.95,52.87,50.05,51.62,-1.0600000000000023,,
2024-10-15,49.97,49.97,45.33,48.64,-2.979999999999997,,
2024-10-16,47.73,48.76,45.78,47.84,-0.7999999999999972,,
2024-10-17,46.47,47.73,45.82,46.88,-0.9600000000000009,,
2024-10-18,44.8,47.97,44.14,47.22,0.3399999999999963,,
2024-10-21,48.67,48.77,46.8,46.82,-0.3999999999999986,,
2024-10-22,49.01,49.64,47.05,47.69,0.8699999999999974,,
2024-10-23,49.43,49.43,45.96,47.78,0.09000000000000341,,
2024-10-24,50.6,50.6,45.13,46.66,-1.1200000000000045,,
2024-10-25,49.15,49.48,46.64,48.97,2.3100000000000023,,
2024-10-28,47.4,47.4,40.8,42.96,-6.009999999999998,,
2024-10-29,41.75,43.06,41.06,42.47,-0.490000000000002,,
2024-10-30,43.03,43.11,39.97,41.13,-1.3399999999999963,,
2024-10-31,40.65,48.79,39.45,48.79,7.659999999999997,,
2024-11-01,48.65,48.65,41.71,44.14,-4.649999999999999,,
2024-11-04,46.55,46.55,43.36,45.75,1.6099999999999994,,
2024-11-05,46.4,46.72,44.04,45.61,-0.14000000000000057,,
2024-11-06,45.12,46,43.92,44.74,-0.8699999999999974,,
2024-11-07,43.36,44.38,41.3,42.55,-2.190000000000005,,
2024-11-08,43.41,43.41,38.6,38.76,-3.789999999999999,,
2024-11-11,39.81,42.41,33.6,37.74,-1.019999999999996,,
2024-11-12,34.88,35.91,33.67,34.32,-3.4200000000000017,,
2024-11-13,43.49,43.49,32.43,37.12,2.799999999999997,,
2024-11-14,36.02,38.94,30.26,30.9,-6.219999999999999,,
2024-11-15,34.95,37.99,34,35.07,4.170000000000002,,
2024-11-18,41.99,41.99,34.83,36.89,1.8200000000000003,,
2024-11-19,37.83,38.3,36.79,37.28,0.39000000000000057,,
2024-11-20,37.24,39.56,36.24,36.74,-0.5399999999999991,,
2024-11-21,36.91,38.46,34.75,36.91,0.1699999999999946,,
2024-11-22,37.38,37.61,35.36,35.74,-1.1699999999999946,,
2024-11-25,38.75,38.76,36.12,37.44,1.6999999999999957,,
2024-11-26,36.82,41.52,35.55,38.74,1.3000000000000043,,
2024-11-27,38.69,39.41,36.78,37,-1.740000000000002,,
2024-11-29,35.84,36.68,34.09,34.95,-2.049999999999997,,
2024-12-02,36.65,36.72,34.71,34.71,-0.240000000000002,,
2024-12-03,37.39,37.39,33.4,34.55,-0.1600000000000037,,
2024-12-04,36.3,37.67,33.34,33.82,-0.7299999999999969,,
2024-12-05,33.34,33.34,29.26,29.45,-4.370000000000001,,
2024-12-06,34.64,34.64,29.75,30.98,1.5300000000000011,,
2024-12-09,31.12,31.78,27.15,27.7,-3.280000000000001,,
2024-12-10,26.96,28.83,26.08,28.61,0.9100000000000001,,
2024-12-11,28.19,32.28,27.77,31.99,3.379999999999999,,
2024-12-12,29.44,34.6,28.46,33.64,1.6500000000000021,,
2024-12-13,34.71,35.28,32.41,34.92,1.2800000000000011,,
2024-12-16,32.45,34.14,29.34,33.41,-1.5100000000000051,,
2024-12-17,33.4,33.5,27.38,30.71,-2.6999999999999957,,
2024-12-18,30.66,33.63,28.5,32.6,1.8900000000000006,,
2024-12-19,29.2,31.12,28.08,30.5,-2.1000000000000014,,
2024-12-20,30.5,30.5,28.6,29.27,-1.2300000000000004,,
2024-12-23,32.56,32.72,28.66,30.16,0.8900000000000006,,
2024-12-24,30.85,30.85,29.73,30.35,0.19000000000000128,,
2024-12-26,31.28,31.79,27.32,30.01,-0.33999999999999986,,
2024-12-27,30.48,34.07,27.41,30.21,0.1999999999999993,,
2024-12-30,30.29,32.18,29.65,30.77,0.5599999999999987,,
2024-12-31,30.69,31.02,29,30.02,-0.75,,
2025-01-02,31.48,32.02,27.95,29.54,-0.4800000000000004,,
2025-01-03,28.48,30.93,27.28,29.98,0.4400000000000013,,
2025-01-06,30.06,30.06,27.68,29.31,-0.6700000000000017,,
2025-01-07,29.22,31.17,28.37,31.09,1.7800000000000011,,
2025-01-08,31.27,33.33,30.36,31.56,0.46999999999999886,,
2025-01-09,31.56,31.56,31.56,31.56,0,,
2025-01-10,31.83,35.28,30.04,33.91,2.349999999999998,,
2025-01-13,34.6,36.84,32.74,33.98,0.07000000000000028,,
2025-01-14,34.53,35.15,32.22,33.51,-0.46999999999999886,,
2025-01-15,35.48,35.48,32.49,32.93,-0.5799999999999983,,
2025-01-16,32.73,34.5,32.1,33.13,0.20000000000000284,,
2025-01-17,34.48,34.77,32.8,33.52,0.39000000000000057,,
2025-01-21,31.77,35.1,27.53,35.1,1.5799999999999983,,
2025-01-22,32.27,34.79,31.65,34.68,-0.4200000000000017,,
2025-01-23,35.74,41.58,29.9,34.18,-0.5,,
2025-01-24,30.85,30.85,29.05,29.98,-4.199999999999999,,
2025-01-27,42.04,42.04,30.37,35.98,5.9999999999999964,,
2025-01-28,32.79,32.79,30.76,31.95,-4.029999999999998,,
2025-01-29,31.94,37.75,31.52,33.02,1.0700000000000038,,
2025-01-30,32.06,32.33,31.04,31.05,-1.9700000000000024,,
2025-01-31,32.27,34.09,28.46,29.96,-1.0899999999999999,,
2025-02-03,33.97,35.3,30.64,35.3,5.339999999999996,,
2025-02-04,34.43,34.49,29.62,33.62,-1.6799999999999997,,
2025-02-05,33.15,35.95,31.77,34.25,0.6300000000000026,,
2025-02-06,33.56,38.47,30.36,36.25,2,,
2025-02-07,30.34,30.53,28.37,29.66,-6.59,,
2025-02-10,29.44,32.38,28.52,32.09,2.4300000000000033,,
2025-02-11,31.72,31.72,27.23,29.76,-2.330000000000002,,
2025-02-12,30.58,32.4,25.82,31.79,2.0299999999999976,,
2025-02-13,30.87,31.59,29.68,31.47,-0.3200000000000003,,
2025-02-14,29.26,29.58,26.63,28.46,-3.009999999999998,,
2025-02-18,30.45,30.45,26.3,27.47,-0.990000000000002,,
2025-02-19,29.12,29.13,26.64,28.36,0.8900000000000006,,
2025-02-20,32.61,32.61,27.16,29.3,0.9400000000000013,,
2025-02-21,30.27,36.11,27.94,35.79,6.489999999999998,,
2025-02-24,32.33,32.33,27.89,31.3,-4.489999999999998,,
2025-02-25,34.27,34.74,32.75,32.77,1.4700000000000024,,
2025-02-26,32.7,33.62,31.51,33.36,0.5899999999999963,,
2025-02-27,30.58,33.77,28.73,31.72,-1.6400000000000006,,
2025-02-28,36.82,36.82,28.3,29.97,-1.75,,
2025-03-03,35.05,42.57,30.6,38.52,8.550000000000004,,
2025-03-04,33.8,38.68,31.02,37.52,-1,,
2025-03-05,35.7,46.11,30.95,35.04,-2.480000000000004,,
2025-03-06,33.48,37.97,31.16,37.14,2.1000000000000014,,
2025-03-07,33.15,33.15,28.98,29.75,-7.390000000000001,,
2025-03-10,34.03,35.3,31.72,34.82,5.07,,
2025-03-11,33.97,34.37,31.21,31.83,-2.990000000000002,,
2025-03-12,33.47,35.44,30.26,31.09,-0.7399999999999984,,
2025-03-13,34.29,34.29,30.76,32.8,1.7099999999999973,,
2025-03-14,32.84,35.31,31.15,33.52,0.720000000000006,,
2025-03-17,30.82,32.58,29.22,30.9,-2.6200000000000045,,
2025-03-18,34.97,36.26,32.35,36.12,5.219999999999999,,
2025-03-19,33.75,36.83,29.85,33.87,-2.25,,
2025-03-20,33.19,33.97,29.05,29.72,-4.149999999999999,,
2025-03-21,31.07,31.07,28.27,28.43,-1.2899999999999991,,
2025-03-24,30.3,30.64,26.48,29.67,1.240000000000002,,
2025-03-25,32.38,32.38,27.24,28.27,-1.4000000000000021,,
2025-03-26,27.79,28.84,27.36,28.84,0.5700000000000003,,
2025-03-27,28.38,28.75,27.89,28.49,-0.3500000000000014,,
2025-03-28,28.54,28.95,26.82,28.7,0.21000000000000085,,
2025-03-31,31.47,31.79,30.57,30.88,2.1799999999999997,,
2025-04-01,29.54,33.97,29.16,30.57,-0.3099999999999987,,
2025-04-02,30.15,38.04,29.33,29.98,-0.5899999999999999,,
2025-04-03,33.09,44.34,31.87,35.45,5.470000000000002,,
2025-04-04,39.24,49.47,39.24,44.72,9.269999999999996,,
2025-04-07,48.37,54.7,47.86,52.81,8.090000000000003,,
2025-04-08,47.76,56.36,42.04,55.26,2.4499999999999957,,
2025-04-09,59.45,63.43,38.89,42.9,-12.36,,
2025-04-10,46.56,53.91,46.45,49,6.100000000000001,,
2025-04-11,52.71,53.92,48.55,50.88,1.8800000000000026,,
2025-04-14,47.41,49.09,44.76,47.76,-3.1200000000000045,,
2025-04-15,40.88,43.31,40.88,42.31,-5.449999999999996,,
2025-04-16,42.75,47.51,42.06,43.56,1.25,,
2025-04-17,42.67,42.67,40.6,41.27,-2.289999999999999,,
2025-04-18,41.27,41.27,41.27,41.27,0,,
2025-04-21,41.2,42.32,41,41.21,-0.060000000000002274,,
2025-04-22,44.79,45.97,42.2,43.15,1.9399999999999977,,
2025-04-23,43.64,46.57,41.08,43.56,0.4100000000000037,,
2025-04-24,44.08,45.89,43.22,44.37,0.8099999999999952,,
2025-04-25,44.65,44.8,42.11,43.53,-0.8399999999999963,,
2025-04-28,44.02,44.29,43.42,43.55,0.01999999999999602,,
2025-04-29,46.56,48.46,46.04,48.41,4.859999999999999,,
2025-04-30,50.95,56.41,49.3,54.46,6.050000000000004,,
2025-05-01,54.3,54.44,49.01,51.96,-2.5,,
2025-05-02,51.51,54.78,50.37,50.59,-1.3699999999999974,,
2025-05-05,45.08,46.16,41.83,42.58,-8.010000000000005,,
2025-05-06,40.23,42.15,39.82,42.14,-0.4399999999999977,,
2025-05-07,41.16,42.68,39.51,42.66,0.519999999999996,,
2025-05-08,41.22,41.34,39.93,40.6,-2.059999999999995,,
2025-05-09,40.84,40.84,39.03,39.82,-0.7800000000000011,,
2025-05-12,36.56,37.72,35.77,37.5,-2.3200000000000003,,
2025-05-13,35.79,38.91,34.84,36.71,-0.7899999999999991,,
2025-05-14,36.86,38.73,36.63,36.72,0.00999999999999801,,
2025-05-15,39.48,40.36,37.39,37.4,0.6799999999999997,,
2025-05-16,37.84,39.7,35.35,37.88,0.480000000000004,,
2025-05-19,39.71,39.93,36.7,38,0.11999999999999744,,
2025-05-20,37.77,37.89,34.5,34.62,-3.3800000000000026,,
2025-05-21,37.21,39.66,35.85,39.12,4.5,,
2025-05-22,41.16,42.03,40.72,41.44,2.3200000000000003,,
2025-05-23,43.44,43.83,42.1,43.13,1.6900000000000048,,
2025-05-27,43.47,43.55,41.16,41.94,-1.1900000000000048,,
2025-05-28,43.92,43.92,39.27,40.42,-1.519999999999996,,
2025-05-29,40.78,40.78,39.04,40.26,-0.1600000000000037,,
2025-05-30,40.47,41.9,39.73,40.71,0.45000000000000284,,
2025-06-02,39.24,40.88,38.01,38.7,-2.009999999999998,,
2025-06-03,38.87,43.19,37.08,37.75,-0.9500000000000028,,
2025-06-04,38.41,40.8,36.26,37.7,-0.04999999999999716,,
2025-06-05,37.06,37.1,34.74,34.89,-2.8100000000000023,,
2025-06-06,35.61,36.01,33.48,35.72,0.8299999999999983,,
2025-06-09,34.45,34.58,32.63,34.42,-1.2999999999999972,,
2025-06-10,34.15,36,32.71,35.05,0.6299999999999955,,
2025-06-11,34.73,43.88,34.69,43.24,8.190000000000005,,
2025-06-12,44.46,46.43,42.6,45.37,2.1299999999999955,,
2025-06-13,55.31,60.21,50.13,57.23,11.86,,
2025-06-16,54.08,58.02,50.82,56.6,-0.6299999999999955,,
2025-06-17,61.3,74,60.81,71.56,14.96,,
2025-06-18,74.41,74.41,64.34,66.86,-4.700000000000003,,
2025-06-20,65.48,66.82,63.58,64.67,-2.1899999999999977,,
2025-06-23,62,62.73,51.88,53.65,-11.020000000000003,,
2025-06-24,48.04,49.71,44.78,48.8,-4.850000000000001,,
2025-06-25,46.13,46.13,42.42,42.75,-6.049999999999997,,
2025-06-26,43.19,43.6,41.59,41.86,-0.8900000000000006,,
2025-06-27,41.39,46.63,40.82,41.23,-0.6300000000000026,,
2025-06-30,42.99,42.99,38.67,38.89,-2.3399999999999963,,
2025-07-01,43.67,43.98,37.98,38,-0.8900000000000006,,
2025-07-02,41.45,43.92,37.01,40.24,2.240000000000002,,
2025-07-03,39.52,40.82,37.73,37.75,-2.490000000000002,,
2025-07-07,38.32,41.64,36.64,41.23,3.479999999999997,,
2025-07-08,36.88,38.94,35.46,35.71,-5.519999999999996,,
2025-07-09,35.22,38.06,33.74,34.17,-1.5399999999999991,,
2025-07-10,33.69,35.49,32.03,32.8,-1.3700000000000045,,
2025-07-11,34.96,38.3,33.95,37.06,4.260000000000005,,
2025-07-14,37.3,38.05,33.42,33.53,-3.530000000000001,,
2025-07-15,37.45,37.57,33.02,34.38,0.8500000000000014,,
2025-07-16,34.78,42.66,33.13,33.16,-1.220000000000006,,
2025-07-17,34.42,34.91,32.74,32.84,-0.3199999999999932,,
2025-07-18,32.66,33.29,32.14,32.17,-0.6700000000000017,,
2025-07-21,31.3,32.66,30.22,31.38,-0.7900000000000027,,
2025-07-22,34.05,34.05,32.21,32.26,0.879999999999999,,
2025-07-23,34.16,36.02,31.85,32.39,0.13000000000000256,,
2025-07-24,33.5,33.5,31.22,32.37,-0.020000000000003126,,
2025-07-25,33.25,33.43,31.79,32.88,0.5100000000000051,,
2025-07-28,34.8,35.71,34.54,35.37,2.489999999999995,,
2025-07-29,36.06,38.07,34.79,38.04,2.6700000000000017,,
2025-07-30,38.6,39.29,32.39,37.75,-0.28999999999999915,,
2025-07-31,36.28,37.63,36.28,36.78,-0.9699999999999989,,
2025-08-01,37.51,40.78,37.32,39.37,2.5899999999999963,,
2025-08-04,39.98,40.28,38.73,38.79,-0.5799999999999983,,
2025-08-05,38.43,43.62,35.27,35.3,-3.490000000000002,,
2025-08-06,36.23,36.96,33.88,36.67,1.3700000000000045,,
2025-08-07,36.26,37.04,33.53,35.01,-1.6600000000000037,,
2025-08-08,34.75,37.07,32.1,34.06,-0.9499999999999957,,
2025-08-11,32.67,33.11,28.28,31.4,-2.6600000000000037,,
2025-08-12,32.33,32.96,30.2,30.31,-1.0899999999999999,,
2025-08-13,30.77,33.82,23.59,33.82,3.5100000000000016,,
2025-08-14,33.93,37.29,33.28,35.96,2.1400000000000006,,
2025-08-15,36.87,37.49,34.3,37.22,1.259999999999998,,
2025-08-18,34.87,34.98,31.36,32.15,-5.07,,
2025-08-19,33.08,34.65,31.56,33.04,0.8900000000000006,,
2025-08-20,33.21,33.93,32.25,32.51,-0.5300000000000011,,
2025-08-21,32.66,32.71,30.66,31.54,-0.9699999999999989,,
2025-08-22,31.42,31.56,29.74,30.35,-1.1899999999999977,,
2025-08-25,32.16,32.53,31.1,31.24,0.889999999999997,,
2025-08-26,34.01,34.01,30.94,31.69,0.45000000000000284,,
Downloaded from Barchart.com as of 08-26-2025 10:38am CDT